product,link
Men's Lightweight Water-Resistant Packable Puffer Jacket,/gp/slredirect/picassoRedirect.html/ref=pa_sp_atf_aps_sr_pg1_1?ie=UTF8&adId=A06366243CCK4TL3HQ8EL&url=%2FAmazon-Essentials-Lightweight-Water-Resistant-Packable%2Fdp%2FB085YLBZS9%2Fref%3Dsr_1_1_sspa%3Fdchild%3D1%26keywords%3Djacket%2Bfor%2Bmen%26qid%3D1632893320%26sr%3D8-1-spons%26psc%3D1&qualifier=1632893320&id=8969645595283925&widgetName=sp_atf
Men's Lightweight Waterproof Hooded Rain Jacket Outdoor Raincoat Shell Jacket for Hiking Travel,/gp/slredirect/picassoRedirect.html/ref=pa_sp_atf_aps_sr_pg1_1?ie=UTF8&adId=A0619286C5YMIJJ2GZY9&url=%2FOTU-Lightweight-Waterproof-Outdoor-Raincoat%2Fdp%2FB08F9Z9LH4%2Fref%3Dsr_1_2_sspa%3Fdchild%3D1%26keywords%3Djacket%2Bfor%2Bmen%26qid%3D1632893320%26sr%3D8-2-spons%26psc%3D1&qualifier=1632893320&id=8969645595283925&widgetName=sp_atf
Men's The Marksman Jacket,/gp/slredirect/picassoRedirect.html/ref=pa_sp_atf_aps_sr_pg1_1?ie=UTF8&adId=A09919152GWEI2RIDIOB8&url=%2FLegendary-Whitetails-Marksman-Jacket-Small%2Fdp%2FB0846PP4LS%2Fref%3Dsr_1_3_sspa%3Fdchild%3D1%26keywords%3Djacket%2Bfor%2Bmen%26qid%3D1632893320%26sr%3D8-3-spons%26psc%3D1&qualifier=1632893320&id=8969645595283925&widgetName=sp_atf
Men's Steens Mountain 2.0 Full Zip Fleece Jacket,/Columbia-Steens-Mountain-Fleece-Classic/dp/B0076R6O64/ref=sr_1_4?dchild=1&keywords=jacket+for+men&qid=1632893320&sr=8-4
Men's Watertight Ii Jacket,/Columbia-Watertight-Jacket-Black-X-Large/dp/B00DQYWKA0/ref=sr_1_5?dchild=1&keywords=jacket+for+men&qid=1632893320&sr=8-5
Men's Jacket-Lightweight Casual Spring Fall Thin Bomber Zip Pockets Coat Outwear,/TACVASEN-Lightweight-Jacket-Softshell-Flight/dp/B07VQHGCVY/ref=sr_1_6?dchild=1&keywords=jacket+for+men&qid=1632893320&sr=8-6
mens Ascender Softshell Front-zip Jacket,/Columbia-Ascender-Softshell-Jacket-Resistant/dp/B00HQ4KSGE/ref=sr_1_7?dchild=1&keywords=jacket+for+men&qid=1632893320&sr=8-7
Men's Washed Cotton Hooded Military Jacket,/Washed-Cotton-Hooded-Military-Jacket/dp/B00JB8Q056/ref=sr_1_8?dchild=1&keywords=jacket+for+men&qid=1632893320&sr=8-8
Men's Journeyman Shirt Jacket,/Legendary-Whitetails-Journeyman-Jacket-X-Large/dp/B013KW3FH4/ref=sr_1_9?dchild=1&keywords=jacket+for+men&qid=1632893320&sr=8-9
Men's Lightweight Bomber Jacket,/Amazon-Essentials-Standard-Lightweight-Bomber/dp/B07HKKQ3HT/ref=sr_1_10?dchild=1&keywords=jacket+for+men&qid=1632893320&sr=8-10
Men's Mountain Waterproof Ski Jacket Windproof Rain Jacket Winter Warm Hooded Coat,/Wantdo-Waterproof-Mountain-Jacket-Windproof/dp/B00OA1B32O/ref=sr_1_11?dchild=1&keywords=jacket+for+men&qid=1632893320&sr=8-11
Men's Varilite Soft Jacket,/adidas-Outdoor-Varilite-Jacket-X-Large/dp/B087C3HVW6/ref=sr_1_12?dchild=1&keywords=jacket+for+men&qid=1632893320&sr=8-12
Men's Classic Zip Front Polar Fleece Jacket,/Tommy-Hilfiger-Classic-Fleece-Jacket/dp/B01KWHVPKO/ref=sr_1_13?dchild=1&keywords=jacket+for+men&qid=1632893320&sr=8-13
"Men's Utilizer Jacket, Collegiate Navy 2",/Columbia-Mens-Utilizer-Jacket-Collegiate/dp/B073JM17SP/ref=sr_1_14?dchild=1&keywords=jacket+for+men&qid=1632893320&sr=8-14
Men's Hooded Tactical Jacket Water Resistant Soft Shell Snow Ski Winter Coats,/MAGCOMSEN-Tactical-Military-Combat-Raincoats/dp/B0769SLGXM/ref=sr_1_15?dchild=1&keywords=jacket+for+men&qid=1632893320&sr=8-15
Men's Standard Lightweight Water-Resistant Packable Hooded Down Jacket,/gp/slredirect/picassoRedirect.html/ref=pa_sp_mtf_aps_sr_pg1_1?ie=UTF8&adId=A04956101JB7F0F7XU7BM&url=%2FAmazon-Essentials-Lightweight-Water-Resistant-Packable%2Fdp%2FB0738J92GX%2Fref%3Dsr_1_16_sspa%3Fdchild%3D1%26keywords%3Djacket%2Bfor%2Bmen%26qid%3D1632893320%26sr%3D8-16-spons%26psc%3D1&qualifier=1632893320&id=8969645595283925&widgetName=sp_mtf
Men's Waterproof Ski Jacket Warm Winter Snow Coat Mountain Windbreaker Hooded Raincoat,/gp/slredirect/picassoRedirect.html/ref=pa_sp_mtf_aps_sr_pg1_1?ie=UTF8&adId=A04778583HO6P5CL3FY2M&url=%2FWULFUL-Waterproof-Mountain-Windbreaker-Raincoat%2Fdp%2FB08BHYNTZQ%2Fref%3Dsr_1_17_sspa%3Fdchild%3D1%26keywords%3Djacket%2Bfor%2Bmen%26qid%3D1632893320%26sr%3D8-17-spons%26psc%3D1&qualifier=1632893320&id=8969645595283925&widgetName=sp_mtf
Men's Winter Casual Thicken Multi-Pocket Outwear Jacket Coat With Removable Hood,/gp/slredirect/picassoRedirect.html/ref=pa_sp_mtf_aps_sr_pg1_1?ie=UTF8&adId=A06537143N0WQB4BW4FBZ&url=%2FCRYSULLY-Fashion-Sleeve-Lightweight-Military%2Fdp%2FB07VQYZ52R%2Fref%3Dsr_1_18_sspa%3Fdchild%3D1%26keywords%3Djacket%2Bfor%2Bmen%26qid%3D1632893320%26sr%3D8-18-spons%26psc%3D1%26smid%3DA2HAYHLPF6CED5&qualifier=1632893320&id=8969645595283925&widgetName=sp_mtf
Men's Special Ops Military Tactical Soft Shell Jacket Coat,/TACVASEN-Classic-Outwear-Softshell-Tactical/dp/B07417DRF5/ref=sr_1_19?dchild=1&keywords=jacket+for+men&qid=1632893320&sr=8-19
Men's Lightweight Breathable Jacket,/Homaok-Lightweight-Breathable-Jacket-Medium/dp/B01LXL5HXF/ref=sr_1_20?dchild=1&keywords=jacket+for+men&qid=1632893320&sr=8-20
Men's Auburn Zip-Front Golf Jacket (Regular & Big-Tall Sizes),/London-Fog-Zip-Front-Regular-Big-Tall/dp/B005EVQ4AA/ref=sr_1_21?dchild=1&keywords=jacket+for+men&qid=1632893320&sr=8-21
Men's EvaPOURation Jacket,/Columbia-EvaPOURation-Jacket-Waterproof-Breathable/dp/B00DNNM56S/ref=sr_1_22?dchild=1&keywords=jacket+for+men&qid=1632893320&sr=8-22
Men's Rugged Wear Unlined Denim Jacket,/Wrangler-Rugged-Unlined-Jacket-Vintage/dp/B000A3I3PQ/ref=sr_1_23?dchild=1&keywords=jacket+for+men&qid=1632893320&sr=8-23
Men's Casual Slim Fit Lightweight Zip Up Softshell Bomber Jacket,/Tanming-Color-Casual-Jacket-XX-Large/dp/B06Y1KCZ8Q/ref=sr_1_24?dchild=1&keywords=jacket+for+men&qid=1632893320&sr=8-24
Men's Constant,/Spyder-Active-Sports-Constant-Black/dp/B084BT68ZN/ref=sr_1_25?dchild=1&keywords=jacket+for+men&qid=1632893320&sr=8-25
Men's Brighton Pullover Anarok Hooded Snowboard Jacket,/Volcom-Brighton-Pullover-2-Layer-Jacket/dp/B082VZ7Z52/ref=sr_1_26?dchild=1&keywords=jacket+for+men&qid=1632893320&sr=8-26
Men's Slim Fit Lightweight Sportswear Jacket Casual Bomber Jacket,/URBANFIND-Lightweight-Sportswear-Jacket-Casual/dp/B06XNK1DCH/ref=sr_1_27?dchild=1&keywords=jacket+for+men&qid=1632893320&sr=8-27
Men's Astro Ridge Full Zip,/North-Face-Astro-Ridge-Black/dp/B08C69DMH1/ref=sr_1_28?dchild=1&keywords=jacket+for+men&qid=1632893320&sr=8-28
Men's Lightweight Water-Resistant Packable Puffer Jacket,/Amazon-Essentials-Lightweight-Water-Resistant-Packable/dp/B07BN7D3FV/ref=sr_1_29?dchild=1&keywords=jacket+for+men&qid=1632893320&sr=8-29
Men's Packable Jacket,/Champion-Packable-Jacket-White-Large/dp/B078H8B7N3/ref=sr_1_30?dchild=1&keywords=jacket+for+men&qid=1632893320&sr=8-30
Men's Jacket-Lightweight Casual Spring Fall Thin Bomber Zip Pockets Coat Outwear,/gp/slredirect/picassoRedirect.html/ref=pa_sp_mtf_aps_sr_pg1_1?ie=UTF8&adId=A07265652QQFQHOPPZZK9&url=%2FTACVASEN-Lightweight-Jacket-Softshell-Flight%2Fdp%2FB07VNDW5HX%2Fref%3Dsr_1_31_sspa%3Fdchild%3D1%26keywords%3Djacket%2Bfor%2Bmen%26qid%3D1632893320%26sr%3D8-31-spons%26psc%3D1&qualifier=1632893320&id=8969645595283925&widgetName=sp_mtf
Men's Jacket-Winter Thicken Field Fleece Cargo Coat With Removable Hood,/gp/slredirect/picassoRedirect.html/ref=pa_sp_mtf_aps_sr_pg1_1?ie=UTF8&adId=A04844732UZVT5WY16FUN&url=%2FCRYSULLY-Fashion-Sleeve-Lightweight-Military%2Fdp%2FB08HYLL1JK%2Fref%3Dsr_1_32_sspa%3Fdchild%3D1%26keywords%3Djacket%2Bfor%2Bmen%26qid%3D1632893320%26sr%3D8-32-spons%26psc%3D1&qualifier=1632893320&id=8969645595283925&widgetName=sp_mtf
Mens Waterproof Fleece Jacket Running Jacket Windproof Thicken Warm Coat,/gp/slredirect/picassoRedirect.html/ref=pa_sp_mtf_aps_sr_pg1_1?ie=UTF8&adId=A000568430G5A37LOZVQ4&url=%2FWantdo-Waterproof-Outdoor-Sportwear-Windproof%2Fdp%2FB07XRR7YD2%2Fref%3Dsr_1_33_sspa%3Fdchild%3D1%26keywords%3Djacket%2Bfor%2Bmen%26qid%3D1632893320%26sr%3D8-33-spons%26psc%3D1&qualifier=1632893320&id=8969645595283925&widgetName=sp_mtf
Men's Glennaker Lake Rain Jacket,/Columbia-Glennaker-Packable-Jacket-Medium/dp/B0058YHKDI/ref=sr_1_34?dchild=1&keywords=jacket+for+men&qid=1632893320&sr=8-34
Men's New Team Softshell Mexico Water Resistant Jacket,/ARIAT-Softshell-Mexico-Resistant-Jacket/dp/B083VYV9YD/ref=sr_1_35?dchild=1&keywords=jacket+for+men&qid=1632893320&sr=8-35
Concealed Carry Jacket for Men - Heavy Duty Canvas - Conceal Carry Pockets,/Venado-Concealed-Carry-Jacket-Men/dp/B089NHX2CZ/ref=sr_1_36?dchild=1&keywords=jacket+for+men&qid=1632893320&sr=8-36
Men's Granite Mountain Fleece Jacket,/Columbia-Granite-Mountain-Fleece-Jacket/dp/B00VG8KZ1O/ref=sr_1_37?dchild=1&keywords=jacket+for+men&qid=1632893320&sr=8-37
Men's Ultra Loft Lightweight Packable Puffer Jacket (Standard and Big & Tall),/Tommy-Hilfiger-Packable-Puffer-Jacket/dp/B07RNSSPRP/ref=sr_1_38?dchild=1&keywords=jacket+for+men&qid=1632893320&sr=8-38
Men's Vernon 2.0 Softshell Jacket,/Ariat-Vernon-Softshell-Jacket-Black/dp/B077XZX4KV/ref=sr_1_39?dchild=1&keywords=jacket+for+men&qid=1632893320&sr=8-39
Men's Lightweight Microtwill Golf Jacket (Standard and Big & Tall),/Tommy-Hilfiger-Classic-Micro-Twill-Bottom/dp/B00N4N2QUW/ref=sr_1_40?dchild=1&keywords=jacket+for+men&qid=1632893320&sr=8-40
Men's Cotton Lightweight Slim Fit Jacket Casual Wear,/XueYin-Cotton-Lightweight-Jacket-Casual/dp/B01JRXIMTQ/ref=sr_1_41?dchild=1&keywords=jacket+for+men&qid=1632893320&sr=8-41
Mens Salt Coastal Jacket Waterproof Windproof Breathable Sailing Jacket,/Helly-Hansen-Waterproof-Windproof-Breathable-XX-Large/dp/B08PMPVPJQ/ref=sr_1_42?dchild=1&keywords=jacket+for+men&qid=1632893320&sr=8-42
Men's Loma Vista Hooded Jacket,/Columbia-Vista-Hooded-Jacket-Black/dp/B0814BJWWT/ref=sr_1_43?dchild=1&keywords=jacket+for+men&qid=1632893320&sr=8-43
Men's Faux Leather Jacket with Removable Hood Motorcycle Jacket Casual Vintage Warm Winter Coat,/Wantdo-Leather-Jacket-Removable-X-Large/dp/B00EZORGV8/ref=sr_1_44?dchild=1&keywords=jacket+for+men&qid=1632893320&sr=8-44
Men's Hooded Performance Fleece Jacket,/Tommy-Hilfiger-Hooded-Performance-Fleece/dp/B07GZ4NNN3/ref=sr_1_45?dchild=1&keywords=jacket+for+men&qid=1632893320&sr=8-45
Men's Mountain Waterproof Ski Snow Jacket Winter Windproof Rain Jacket,/YXP-Mountain-Waterproof-Jacket-Windproof/dp/B07H5P583P/ref=sr_1_46?dchild=1&keywords=jacket+for+men&qid=1632893320&sr=8-46
Men's Waterproof Breathable Hooded Jacket,/Tommy-Hilfiger-Waterproof-Breathable-X-Large/dp/B00YQAFXM0/ref=sr_1_47?dchild=1&keywords=jacket+for+men&qid=1632893320&sr=8-47
Men's Lightweight Water Resistant Breathable Hooded Performance Softshell Jacket,/Tommy-Hilfiger-Hooded-Performance-Jacket/dp/B07RMBH71X/ref=sr_1_48?dchild=1&keywords=jacket+for+men&qid=1632893320&sr=8-48
Men's Long Sleeve Quilted Lined Flannel Shirt Jacket with Hood,/Wrangler-Authentics-Sleeve-Quilted-Flannel/dp/B073JQTQNV/ref=sr_1_49?dchild=1&keywords=jacket+for+men&qid=1632893320&sr=8-49
Men's Steens Mountain Printed Jacket,/Columbia-Steens-Mountain-Jacket-Blanket/dp/B08MQFMK42/ref=sr_1_50?dchild=1&keywords=jacket+for+men&qid=1632893320&sr=8-50
Men's Hooded Puffer Jacket,/Tommy-Hilfiger-Classic-Hooded-Puffer/dp/B01L0B0B24/ref=sr_1_51?dchild=1&keywords=jacket+for+men&qid=1632893320&sr=8-51
Men's Unlined Eisenhower Jacket,/Dickies-Unlined-Eisenhower-Jacket-Medium/dp/B000N8THPI/ref=sr_1_52?dchild=1&keywords=jacket+for+men&qid=1632893320&sr=8-52
Men's Cheyenne Jacket,/DRI-Duck-Cheyenne-Jacket-X-Large/dp/B003UD8JZ2/ref=sr_1_53?dchild=1&keywords=jacket+for+men&qid=1632893320&sr=8-53
Men's Tiro 21 Track Jacket,/adidas-Track-Jacket-Power-Medium/dp/B089K8FWZV/ref=sr_1_54?dchild=1&keywords=jacket+for+men&qid=1632893320&sr=8-54
Men's Resolve Waterproof Jacket,/North-Face-Mens-Resolve-Jacket/dp/B072PSNX9Z/ref=sr_1_55?dchild=1&keywords=jacket+for+men&qid=1632893320&sr=8-55
Men's Ascender Hooded Softshell Jacket,/Columbia-Ascender-Hooded-Softshell-Jacket/dp/B00HQ4JNGU/ref=sr_1_56?dchild=1&keywords=jacket+for+men&qid=1632893320&sr=8-56
Men's Lightweight Waterproof Hooded Rain Jacket Outdoor Raincoat Shell Jacket for Hiking Travel,/OTU-Lightweight-Waterproof-Outdoor-Raincoat/dp/B08F9Z9LH4/ref=sr_1_57?dchild=1&keywords=jacket+for+men&qid=1632893320&sr=8-57
Men's Windproof Bomber Jacket Lightweight Winter Thicken Mountain Outerwear Coats,/gp/slredirect/picassoRedirect.html/ref=pa_sp_btf_aps_sr_pg1_1?ie=UTF8&adId=A01945092T1M0TPENOZKL&url=%2FLASIUMIAT-Running-Jackets-Sportswear-Thermal%2Fdp%2FB08G8P2P5K%2Fref%3Dsr_1_58_sspa%3Fdchild%3D1%26keywords%3Djacket%2Bfor%2Bmen%26qid%3D1632893320%26sr%3D8-58-spons%26psc%3D1%26smid%3DA30FR0N8PIC34Z&qualifier=1632893320&id=8969645595283925&widgetName=sp_btf
Men's UPF 50+ Jacket Hoodie Sun Protection Long Sleeve Light Full Zip UV Shirt with Pockets Fishing Hiking Outdoor,/gp/slredirect/picassoRedirect.html/ref=pa_sp_btf_aps_sr_pg1_1?ie=UTF8&adId=A04147983NCGDIP0ZM6R9&url=%2FDeyeek-Protection-Pockets-Fishing-Outdoor%2Fdp%2FB098K2HLZW%2Fref%3Dsr_1_59_sspa%3Fdchild%3D1%26keywords%3Djacket%2Bfor%2Bmen%26qid%3D1632893320%26sr%3D8-59-spons%26psc%3D1&qualifier=1632893320&id=8969645595283925&widgetName=sp_btf
Men's Winter Jackets Bomber Jacket Zipper Pockets Padded Coats Warm Windproof Outwear,/gp/slredirect/picassoRedirect.html/ref=pa_sp_btf_aps_sr_pg1_1?ie=UTF8&adId=A08783172257VDT770MCX&url=%2FBaseball-Varsity-Tactical-Contton-Windbreaker%2Fdp%2FB07VCL2V4J%2Fref%3Dsr_1_60_sspa%3Fdchild%3D1%26keywords%3Djacket%2Bfor%2Bmen%26qid%3D1632893320%26sr%3D8-60-spons%26psc%3D1%26smid%3DA3U9RCE56GV0D0&qualifier=1632893320&id=8969645595283925&widgetName=sp_btf
Men's Jacket-Lightweight Casual Spring Fall Thin Bomber Zip Pockets Coat Outwear,/gp/slredirect/picassoRedirect.html/ref=pa_sp_atf_next_aps_sr_pg2_1?ie=UTF8&adId=A07265652QQFQHOPPZZK9&url=%2FTACVASEN-Lightweight-Jacket-Softshell-Flight%2Fdp%2FB07VNDW5HX%2Fref%3Dsr_1_49_sspa%3Fdchild%3D1%26keywords%3Djacket%2Bfor%2Bmen%26qid%3D1632893329%26sr%3D8-49-spons%26psc%3D1&qualifier=1632893329&id=5147953142251170&widgetName=sp_atf_next
Men's Winter Casual Thicken Multi-Pocket Outwear Jacket Coat With Removable Hood,/gp/slredirect/picassoRedirect.html/ref=pa_sp_atf_next_aps_sr_pg2_1?ie=UTF8&adId=A06537143N0WQB4BW4FBZ&url=%2FCRYSULLY-Fashion-Sleeve-Lightweight-Military%2Fdp%2FB07VQYZ52R%2Fref%3Dsr_1_50_sspa%3Fdchild%3D1%26keywords%3Djacket%2Bfor%2Bmen%26qid%3D1632893329%26sr%3D8-50-spons%26psc%3D1%26smid%3DA2HAYHLPF6CED5&qualifier=1632893329&id=5147953142251170&widgetName=sp_atf_next
Men's Lightweight Waterproof Hooded Rain Jacket Outdoor Raincoat Shell Jacket for Hiking Travel,/gp/slredirect/picassoRedirect.html/ref=pa_sp_atf_next_aps_sr_pg2_1?ie=UTF8&adId=A017923420DAZI7QQI3MZ&url=%2FLightweight-Waterproof-Hooded-Outdoor-Raincoat%2Fdp%2FB08M9MH25P%2Fref%3Dsr_1_51_sspa%3Fdchild%3D1%26keywords%3Djacket%2Bfor%2Bmen%26qid%3D1632893329%26sr%3D8-51-spons%26psc%3D1&qualifier=1632893329&id=5147953142251170&widgetName=sp_atf_next
Men's Jacket-Winter Thicken Field Fleece Cargo Coat With Removable Hood,/gp/slredirect/picassoRedirect.html/ref=pa_sp_atf_next_aps_sr_pg2_1?ie=UTF8&adId=A04844732UZVT5WY16FUN&url=%2FCRYSULLY-Fashion-Sleeve-Lightweight-Military%2Fdp%2FB08HYLL1JK%2Fref%3Dsr_1_52_sspa%3Fdchild%3D1%26keywords%3Djacket%2Bfor%2Bmen%26qid%3D1632893329%26sr%3D8-52-spons%26psc%3D1&qualifier=1632893329&id=5147953142251170&widgetName=sp_atf_next
"Men's Glennaker Lake Lined Rain Jacket,",/Columbia-Glennaker-Jacket-Mountain-Bluestone/dp/B089F6LZZL/ref=sr_1_53?dchild=1&keywords=jacket+for+men&qid=1632893329&sr=8-53
Men’s Voodoo Falls 590 TurboDown Hooded Jacket,/Columbia-Voodoo-TurboDown-Hooded-Jacket/dp/B01883KS16/ref=sr_1_54?dchild=1&keywords=jacket+for+men&qid=1632893329&sr=8-54
Men's Quilted Shirt Jacket,/Amazon-Essentials-Standard-Quilted-Jacket/dp/B07NLN2Z1B/ref=sr_1_55?dchild=1&keywords=jacket+for+men&qid=1632893329&sr=8-55
Mens Mountain Waterproof Fleece Ski Jacket Windproof Rain Jacket,/JINSHI-Windproof-Waterproof-Jackets-Mountain/dp/B078BPZZHF/ref=sr_1_56?dchild=1&keywords=jacket+for+men&qid=1632893329&sr=8-56
Men's Concealed Carry Blanket Lined Denim Jacket,/Wrangler-Western-Concealed-Blanket-Vintage/dp/B07HCMFFZY/ref=sr_1_57?dchild=1&keywords=jacket+for+men&qid=1632893329&sr=8-57
Men's Steens Mountain Printed Jacket,/Columbia-Steens-Mountain-Jacket-Blanket/dp/B08MQFMK42/ref=sr_1_58?dchild=1&keywords=jacket+for+men&qid=1632893329&sr=8-58
Men's TKA Glacier Full Zip Jacket,/North-Face-Mens-Glacier-Jacket/dp/B07MXLGC1N/ref=sr_1_59?dchild=1&keywords=jacket+for+men&qid=1632893329&sr=8-59
Men's Hooded Performance Fleece Jacket,/Tommy-Hilfiger-Hooded-Performance-Fleece/dp/B07GZHSBBY/ref=sr_1_60?dchild=1&keywords=jacket+for+men&qid=1632893329&sr=8-60
Men's Apex Bionic 2 Jacket,/North-Face-Bionic-Jacket-Black/dp/B08BDRLCHZ/ref=sr_1_61?dchild=1&keywords=jacket+for+men&qid=1632893329&sr=8-61
Men's Grays Torreys Insulated Jacket,/North-Face-Torreys-Insulated-Jacket/dp/B08MV9X6J8/ref=sr_1_62?dchild=1&keywords=jacket+for+men&qid=1632893329&sr=8-62
"Helly Hansen Men's Dubliner Jacket Waterproof, Windproof, Breathable Shell Rain Coat with Packable Hood",/Helly-Hansen-Waterproof-Windproof-Breathable/dp/B01EOX0B0C/ref=sr_1_63?dchild=1&keywords=jacket+for+men&qid=1632893329&sr=8-63
Men's Waterproof Ski Jacket Warm Winter Snow Coat Mountain Windbreaker Hooded Raincoat,/MOERDENG-Waterproof-Mountain-Windbreaker-Raincoat/dp/B07W452D24/ref=sr_1_64?dchild=1&keywords=jacket+for+men&qid=1632893329&sr=8-64
Men's Windproof Bomber Jacket Lightweight Winter Thicken Mountain Outerwear Coats,/gp/slredirect/picassoRedirect.html/ref=pa_sp_mtf_aps_sr_pg2_1?ie=UTF8&adId=A01945092T1M0TPENOZKL&url=%2FLASIUMIAT-Running-Jackets-Sportswear-Thermal%2Fdp%2FB08G8P2P5K%2Fref%3Dsr_1_65_sspa%3Fdchild%3D1%26keywords%3Djacket%2Bfor%2Bmen%26qid%3D1632893329%26sr%3D8-65-spons%26psc%3D1%26smid%3DA30FR0N8PIC34Z&qualifier=1632893329&id=5147953142251170&widgetName=sp_mtf
Mens Waterproof Fleece Jacket Running Jacket Windproof Thicken Warm Coat,/gp/slredirect/picassoRedirect.html/ref=pa_sp_mtf_aps_sr_pg2_1?ie=UTF8&adId=A000568430G5A37LOZVQ4&url=%2FWantdo-Waterproof-Outdoor-Sportwear-Windproof%2Fdp%2FB07XRR7YD2%2Fref%3Dsr_1_66_sspa%3Fdchild%3D1%26keywords%3Djacket%2Bfor%2Bmen%26qid%3D1632893329%26sr%3D8-66-spons%26psc%3D1&qualifier=1632893329&id=5147953142251170&widgetName=sp_mtf
Men's Bomber Jacket Casual Fall Winter Military Jacket and Coats Outwear,/gp/slredirect/picassoRedirect.html/ref=pa_sp_mtf_aps_sr_pg2_1?ie=UTF8&adId=A07924412595ULQ2AX3G3&url=%2FMAGNIVIT-Jacket-Flight-Jackets-Pockets%2Fdp%2FB083S85X9C%2Fref%3Dsr_1_67_sspa%3Fdchild%3D1%26keywords%3Djacket%2Bfor%2Bmen%26qid%3D1632893329%26sr%3D8-67-spons%26psc%3D1%26smid%3DA2P9Q3EPHUZGCZ&qualifier=1632893329&id=5147953142251170&widgetName=sp_mtf
Men's Inlux Insulated Jacket,/North-Face-Insulated-Jacket-Brandy/dp/B08BDS981F/ref=sr_1_68?dchild=1&keywords=jacket+for+men&qid=1632893329&sr=8-68
Men's Flash Forward Windbreaker,/Columbia-Mens-Flashback-Windbreaker-Black/dp/B0731NJXBN/ref=sr_1_69?dchild=1&keywords=jacket+for+men&qid=1632893329&sr=8-69
Men's Granite Mountain Fleece Jacket,/Columbia-Granite-Mountain-Fleece-Jacket/dp/B00N85AAPY/ref=sr_1_70?dchild=1&keywords=jacket+for+men&qid=1632893329&sr=8-70
Men's Lightweight Waterproof Hooded Rain Jacket Outdoor Raincoat Shell Jacket for Hiking Travel,/Lightweight-Waterproof-Hooded-Outdoor-Raincoat/dp/B08F9W2M7S/ref=sr_1_71?dchild=1&keywords=jacket+for+men&qid=1632893329&sr=8-71
Men's Midweight Water and Wind Resistant Soft Shell Jacket (S-3XL),/Weatherproof-Shell-Jacket-6500-Black/dp/B06Y5WLFD7/ref=sr_1_72?dchild=1&keywords=jacket+for+men&qid=1632893329&sr=8-72
Villains x Heidi Klum Cast Your Curse Bomber Jacket,/Disney-Villains-Bomber-Jacket-Sublimation/dp/B089DBCXR7/ref=sr_1_73?dchild=1&keywords=jacket+for+men&qid=1632893329&sr=8-73
Men's Full Zip Ultimate Heavyweight Hoodie,/Hanes-Ultimate-Heavyweight-Fleece-XXX-Large/dp/B00JUMFMAW/ref=sr_1_74?dchild=1&keywords=jacket+for+men&qid=1632893329&sr=8-74
Men's Windproof Bomber Jackets Lightweight Running Windbreaker Outdoor Golf Fashion Coat,/TBMPOY-Windproof-Lightweight-Breathable-Windbreaker/dp/B08FM31YJC/ref=sr_1_75?dchild=1&keywords=jacket+for+men&qid=1632893329&sr=8-75
Men's Classic Fit Full-Zip Microfiber Jacket,/Chaps-Classic-Full-Zip-Microfiber-Crawford/dp/B01GOZURAM/ref=sr_1_76?dchild=1&keywords=jacket+for+men&qid=1632893329&sr=8-76
Men's Faux Leather Sherpa Aviator Bomber Jacket,/Levis-Vintage-Leather-Sherpa-Aviator/dp/B07FK7G4F3/ref=sr_1_77?dchild=1&keywords=jacket+for+men&qid=1632893329&sr=8-77
Sirocco Mens Lightweight Jacket/Mens Outer Jackets,/Sirocco-Lightweight-Jacket-Outer-Jackets/dp/B00ATGZ48I/ref=sr_1_78?dchild=1&keywords=jacket+for+men&qid=1632893329&sr=8-78
Men's Barrage Soft Shell Jacket,/Under-Armour-Barrage-Jacket-X-Large/dp/B076DG5GL4/ref=sr_1_79?dchild=1&keywords=jacket+for+men&qid=1632893329&sr=8-79
Men's Outdoor Military Jackets Water-Resistant Softshell Windbreaker Fleece Lined Hooded Jacket Multi-Pockets,/gp/slredirect/picassoRedirect.html/ref=pa_sp_mtf_aps_sr_pg2_1?ie=UTF8&adId=A024070723UTFMNRTZ7JJ&url=%2FCHEXPEL-Water-Resistant-Softshell-Windbreaker-Lightweight%2Fdp%2FB08H2J8VS5%2Fref%3Dsr_1_80_sspa%3Fdchild%3D1%26keywords%3Djacket%2Bfor%2Bmen%26qid%3D1632893329%26sr%3D8-80-spons%26psc%3D1&qualifier=1632893329&id=5147953142251170&widgetName=sp_mtf
Men's Lightweight Bomber Jacket Windbreaker Softshell Varsity Jacket Coat,/gp/slredirect/picassoRedirect.html/ref=pa_sp_mtf_aps_sr_pg2_1?ie=UTF8&adId=A0110696G02SJYI8DS8L&url=%2FMAGNIVIT-Lightweight-Flight-Windbreaker-Softshell%2Fdp%2FB07VSQKXSJ%2Fref%3Dsr_1_81_sspa%3Fdchild%3D1%26keywords%3Djacket%2Bfor%2Bmen%26qid%3D1632893329%26sr%3D8-81-spons%26psc%3D1&qualifier=1632893329&id=5147953142251170&widgetName=sp_mtf
Men's UPF 50+ Jacket Hoodie Sun Protection Long Sleeve Light Full Zip UV Shirt with Pockets Fishing Hiking Outdoor,/gp/slredirect/picassoRedirect.html/ref=pa_sp_mtf_aps_sr_pg2_1?ie=UTF8&adId=A04147983NCGDIP0ZM6R9&url=%2FDeyeek-Protection-Pockets-Fishing-Outdoor%2Fdp%2FB098K2HLZW%2Fref%3Dsr_1_82_sspa%3Fdchild%3D1%26keywords%3Djacket%2Bfor%2Bmen%26qid%3D1632893329%26sr%3D8-82-spons%26psc%3D1&qualifier=1632893329&id=5147953142251170&widgetName=sp_mtf
Women's Classic Team Softshell Mexico Water Resistant Jacket,/ARIAT-Womens-Classic-Softshell-Resistant/dp/B083L4YL12/ref=sr_1_83?dchild=1&keywords=jacket+for+men&qid=1632893329&sr=8-83
"Mens Classic Full Zip Fleece Track Jacket, Color Options",/NIKE-Classic-Fleece-Options-X-Large/dp/B01EEQEYWU/ref=sr_1_84?dchild=1&keywords=jacket+for+men&qid=1632893329&sr=8-84
"Men's Roan Mountain Jacket, Waterproof, Hooded",/Columbia-Mountain-Jacket-Black-X-Large/dp/B00LHJLIWW/ref=sr_1_85?dchild=1&keywords=jacket+for+men&qid=1632893329&sr=8-85
Men's Mountain Waterproof Ski Snow Jacket Winter Windproof Rain Jacke,/GEMYSE-Mountain-Waterproof-Jacket-Windproof/dp/B07SN9BRTF/ref=sr_1_86?dchild=1&keywords=jacket+for+men&qid=1632893329&sr=8-86
Men's Rugged Wear Flannel Lined Denim Jacket,/Wrangler-Rugged-Flannel-Jacket-Antique/dp/B00CZ737S8/ref=sr_1_87?dchild=1&keywords=jacket+for+men&qid=1632893329&sr=8-87
Men's Northern Utilizer Jacket,/Columbia-Northern-Utilizer-Jacket-Medium/dp/B0814BKFMT/ref=sr_1_88?dchild=1&keywords=jacket+for+men&qid=1632893329&sr=8-88
Wildhorn Dover Premium Mens Ski Jacket - Designed in USA - Insulated Waterproof & Windproof Snow Jacket,/Wildhorn-Dover-Premium-Mens-Jacket/dp/B07WFJJHGD/ref=sr_1_89?dchild=1&keywords=jacket+for+men&qid=1632893329&sr=8-89
Men's Altier Down Triclimate Jacket,/North-Face-Altier-Triclimate-Jacket/dp/B097NJGQ5T/ref=sr_1_90?dchild=1&keywords=jacket+for+men&qid=1632893329&sr=8-90
Men’s Venture 2 Waterproof Hooded Rain Jacket,/North-Face-Mens-Venture-Jacket/dp/B07TBSY4DJ/ref=sr_1_91?dchild=1&keywords=jacket+for+men&qid=1632893329&sr=8-91
Summit Zero Men's Lightweight Soft Shell Jacket,/Condor-SUMMIT-Lightweight-Shell-Jacket/dp/B007WY01ZQ/ref=sr_1_92?dchild=1&keywords=jacket+for+men&qid=1632893329&sr=8-92
Mens Crew Hooded Waterproof Sailing Jacket,/Helly-Hansen-Hooded-Sailing-Jacket/dp/B01NAI90AH/ref=sr_1_93?dchild=1&keywords=jacket+for+men&qid=1632893329&sr=8-93
Men's PFG Storm Jacket,/Columbia-Storm-Jacket-Large-Black/dp/B00QRWNJXK/ref=sr_1_94?dchild=1&keywords=jacket+for+men&qid=1632893329&sr=8-94
Men's Vintage Fit Trucker Jacket,/Levis-Virgil-Trucker-V-Black/dp/B08HR3S7G7/ref=sr_1_95?dchild=1&keywords=jacket+for+men&qid=1632893329&sr=8-95
Men's Tempo Softshell Jacket,/Marmot-Tempo-Softshell-Jacket-Black/dp/B075LF5TGG/ref=sr_1_96?dchild=1&keywords=jacket+for+men&qid=1632893329&sr=8-96
Men's Canyonlands Full Zip Jacket,/North-Face-Canyonlands-Black-X-Large/dp/B07LC4CY3P/ref=sr_1_97?dchild=1&keywords=jacket+for+men&qid=1632893329&sr=8-97
Men's Rugged Wear Flannel Lined Denim Jacket,/Wrangler-Rugged-Flannel-Jacket-Antique/dp/B00CZ738WS/ref=sr_1_98?dchild=1&keywords=jacket+for+men&qid=1632893329&sr=8-98
Men's Retro Unlined Stretch Denim Jacket,/Wrangler-Unlined-Stretch-Bozeman-X-Large/dp/B081W8DRZW/ref=sr_1_99?dchild=1&keywords=jacket+for+men&qid=1632893329&sr=8-99
Men's Cotton Lightweight Jacket Military Jacket Casual Field Coat Windbreaker,/Wantdo-Cotton-Collar-Lightweight-Jacket/dp/B00DJ2YJWG/ref=sr_1_100?dchild=1&keywords=jacket+for+men&qid=1632893329&sr=8-100
Men's Logo 2.0 Softshell Jacket,/Ariat-Mens-Softshell-Jacket-Black/dp/B0793HW1SH/ref=sr_1_101?dchild=1&keywords=jacket+for+men&qid=1632893329&sr=8-101
Crius Insulated Jacket,/ARIAT-Crius-Insulated-Jacket-Black/dp/B07WG9T6DR/ref=sr_1_102?dchild=1&keywords=jacket+for+men&qid=1632893329&sr=8-102
"Men's Hooded Parka Jacket, Water and Wind Resistant",/Nautica-Quilted-Hooded-Parka-Jacket/dp/B072R2S3Y9/ref=sr_1_103?dchild=1&keywords=jacket+for+men&qid=1632893329&sr=8-103
unisex-adult Parka Jacket Fleece Lined Team Colors,/Speedo-Unisex-Team-Parka-Medium/dp/B07R3N8PQR/ref=sr_1_104?dchild=1&keywords=jacket+for+men&qid=1632893329&sr=8-104
Men's Journeyman Shirt Jacket,/Legendary-Whitetails-Journeyman-Rugged-Tobacco/dp/B00EUHD006/ref=sr_1_105?dchild=1&keywords=jacket+for+men&qid=1632893329&sr=8-105
Men's Apex Nimble 2 Jacket,/North-Face-Nimble-Jacket-Black/dp/B07TTD496M/ref=sr_1_106?dchild=1&keywords=jacket+for+men&qid=1632893329&sr=8-106
Men's Winter Casual Thicken Multi-Pocket Field Jacket Outwear Fleece Cargo Jackets Coat,/gp/slredirect/picassoRedirect.html/ref=pa_sp_btf_aps_sr_pg2_1?ie=UTF8&adId=A03568021R59O6JJ4TQBE&url=%2FCRYSULLY-Winter-Thicken-Multi-Pocket-Outwear%2Fdp%2FB07W4JM5Q7%2Fref%3Dsr_1_107_sspa%3Fdchild%3D1%26keywords%3Djacket%2Bfor%2Bmen%26qid%3D1632893329%26sr%3D8-107-spons%26psc%3D1&qualifier=1632893329&id=5147953142251170&widgetName=sp_btf
Men's Waterproof Ski Jacket Warm Winter Snow Coat Mountain Windbreaker Hooded Raincoat,/gp/slredirect/picassoRedirect.html/ref=pa_sp_btf_aps_sr_pg2_1?ie=UTF8&adId=A04777021MH0WHXB0W8FQ&url=%2FWULFUL-Waterproof-Mountain-Windbreaker-Raincoat%2Fdp%2FB08BHX86XK%2Fref%3Dsr_1_108_sspa%3Fdchild%3D1%26keywords%3Djacket%2Bfor%2Bmen%26qid%3D1632893329%26sr%3D8-108-spons%26psc%3D1&qualifier=1632893329&id=5147953142251170&widgetName=sp_btf
Packable Anorak 1/4 Zip Jacket (CO200),/Champion-Packable-Jacket-CO200-Black/dp/B07MVTGWTD/ref=sr_1_97?dchild=1&keywords=jacket+for+men&qid=1632893335&sr=8-97
Men's Slim Fit Lightweight Sportswear Jacket Casual Bomber Jacket,/URBANFIND-Lightweight-Sportswear-Jacket-Casual/dp/B06XNK1DCH/ref=sr_1_98?dchild=1&keywords=jacket+for+men&qid=1632893335&sr=8-98
Men's Pullover Winter Workout Fleece Hoodie Jackets Full Zip Wool Warm Thick Coats,/MACHLAB-Pullover-Winter-Workout-Jackets/dp/B07RZBW2Y2/ref=sr_1_99?dchild=1&keywords=jacket+for+men&qid=1632893335&sr=8-99
mens Faux Lamb Leather Moto Jacket With Removable Hood and Bib,/Calvin-Klein-Leather-Jacket-Hoodie/dp/B00JGEGX02/ref=sr_1_100?dchild=1&keywords=jacket+for+men&qid=1632893335&sr=8-100
Men's Classic Fit Full-Zip Microfiber Jacket,/Chaps-Classic-Full-Zip-Microfiber-Crawford/dp/B01GOZURAM/ref=sr_1_101?dchild=1&keywords=jacket+for+men&qid=1632893335&sr=8-101
Mens Mountain Waterproof Fleece Ski Jacket Windproof Rain Jacket,/JINSHI-Windproof-Waterproof-Jackets-Mountain/dp/B078BPZZHF/ref=sr_1_102?dchild=1&keywords=jacket+for+men&qid=1632893335&sr=8-102
Ultra-Lite2 Waterproof Breathable Protective Rain Suit,/Frogg-Toggs-Ultra-Lite2-Waterproof-Breathable/dp/B007X5XGXI/ref=sr_1_103?dchild=1&keywords=jacket+for+men&qid=1632893335&sr=8-103
Men's Soccer Condivo 18 Stadium Parka Jacket,/adidas-Soccer-Condivo-Stadium-Jacket/dp/B079SPK9CV/ref=sr_1_104?dchild=1&keywords=jacket+for+men&qid=1632893335&sr=8-104
Men's Rugged Wear Flannel Lined Denim Jacket,/Wrangler-Rugged-Flannel-Jacket-Antique/dp/B00CZ737S8/ref=sr_1_105?dchild=1&keywords=jacket+for+men&qid=1632893335&sr=8-105
Men's Yukon Extremes Loose Fit Insulated Active Jacket,/Carhartt-Extremes-Insulated-Active-Jacket/dp/B08KFH3XXF/ref=sr_1_106?dchild=1&keywords=jacket+for+men&qid=1632893335&sr=8-106
Men's Apex Bionic 2 Jacket,/North-Face-Bionic-Jacket-Black/dp/B08BDH91Q5/ref=sr_1_107?dchild=1&keywords=jacket+for+men&qid=1632893335&sr=8-107
Men's Washed Cotton Military Jacket,/Levis-Washed-Cotton-Military-X-Large/dp/B07DB7SDBJ/ref=sr_1_108?dchild=1&keywords=jacket+for+men&qid=1632893335&sr=8-108
Men’s Venture 2 Waterproof Hooded Rain Jacket,/North-Face-Mens-Venture-Jacket/dp/B07TBSY4DJ/ref=sr_1_109?dchild=1&keywords=jacket+for+men&qid=1632893335&sr=8-109
Carson Down Parka,/Canada-Goose-Carson-Parka-Black/dp/B011J6PP30/ref=sr_1_110?dchild=1&keywords=jacket+for+men&qid=1632893335&sr=8-110
Men's Relaxed Fit Washed Duck Sherpa-Lined Jacket,/Carhartt-Relaxed-Washed-Sherpa-Lined-X-Large/dp/B08BG74ZPK/ref=sr_1_111?dchild=1&keywords=jacket+for+men&qid=1632893335&sr=8-111
Unisex Varsity Jacket,/AWDis-Unisex-Varsity-Jacket-Purple/dp/B00HFUJ374/ref=sr_1_112?dchild=1&keywords=jacket+for+men&qid=1632893335&sr=8-112
"Men's Rainfoil Packable Jacket, Dark Smoke XL",/Eddie-Bauer-Rainfoil-Packable-Regular/dp/B01NCZ2GR6/ref=sr_1_113?dchild=1&keywords=jacket+for+men&qid=1632893335&sr=8-113
Men's Soft Shell Two Pocket Sherpa Lined Hooded Trucker Jacket,/Levis-Pocket-Trucker-Graphite-Heather/dp/B07FK7G4G6/ref=sr_1_114?dchild=1&keywords=jacket+for+men&qid=1632893335&sr=8-114
Men's Vintage Fit Trucker Jacket,/Levis-Virgil-Trucker-V-Black/dp/B08HR3S7G7/ref=sr_1_115?dchild=1&keywords=jacket+for+men&qid=1632893335&sr=8-115
"Men's Roan Mountain Jacket, Waterproof, Hooded",/Columbia-Mountain-Jacket-Black-X-Large/dp/B00LHJLIWW/ref=sr_1_116?dchild=1&keywords=jacket+for+men&qid=1632893335&sr=8-116
Men's Rockford Rain Defender Jacket,/Carhartt-Rockford-Defender-Jacket-Black/dp/B00AAXRHFI/ref=sr_1_117?dchild=1&keywords=jacket+for+men&qid=1632893335&sr=8-117
Men's Mountain Waterproof Ski Jacket Windproof Rain Jacket Winter Warm Hooded Coat,/Wantdo-Waterproof-Mountain-Jacket-Windproof/dp/B00OA1AZEG/ref=sr_1_118?dchild=1&keywords=jacket+for+men&qid=1632893335&sr=8-118
Men's Eager Air Interchange 3-in-1 Jacket,/Columbia-Eager-Interchange-Jacket-Graphite/dp/B019DY2HGS/ref=sr_1_119?dchild=1&keywords=jacket+for+men&qid=1632893335&sr=8-119
Men's Snap-Front Nylon Jacket,/Dickies-Front-Nylon-Jacket-Black/dp/B000TFSO40/ref=sr_1_120?dchild=1&keywords=jacket+for+men&qid=1632893335&sr=8-120
Men's Apex Chromium Thermal Jacket,/North-Face-Chromium-Thermal-Asphalt/dp/B01AJ4K4GG/ref=sr_1_121?dchild=1&keywords=jacket+for+men&qid=1632893335&sr=8-121
Mens Grander Marlin Mtr Fleece Jacket,/Columbia-Grander-Marlin-Fleece-Jacket/dp/B0815HT24M/ref=sr_1_122?dchild=1&keywords=jacket+for+men&qid=1632893335&sr=8-122
Villains x Heidi Klum Cast Your Curse Bomber Jacket,/Disney-Villains-Bomber-Jacket-Sublimation/dp/B089DBCXR7/ref=sr_1_123?dchild=1&keywords=jacket+for+men&qid=1632893335&sr=8-123
"Helly Hansen Men's Seven J Waterproof, Windproof, and Breathable Rain Jacket with Hood",/Helly-Hansen-Waterproof-Windproof-Breathable/dp/B006SWBOGI/ref=sr_1_124?dchild=1&keywords=jacket+for+men&qid=1632893335&sr=8-124
Men's Voodoo Fall 590 Turbodown Jacket,/Columbia-Voodoo-Falls-TurboDown-Jacket/dp/B01884XZXI/ref=sr_1_125?dchild=1&keywords=jacket+for+men&qid=1632893335&sr=8-125
Men's Long-Sleeve Insulated Water-Resistant Hooded Snow Jacket,/Amazon-Essentials-Long-Sleeve-Insulated-Water-Resistant/dp/B08618X2LJ/ref=sr_1_126?dchild=1&keywords=jacket+for+men&qid=1632893335&sr=8-126
Men's Mountain Snow Waterproof Ski Jacket Detachable Hood Windproof Fleece Parka Rain Jacket Winter Coat,/CAMEL-CROWN-Waterproof-Detachable-Windproof/dp/B07FRB25CK/ref=sr_1_127?dchild=1&keywords=jacket+for+men&qid=1632893335&sr=8-127
Men's Barrage Soft Shell Jacket (X-Large,/Under-Armour-Barrage-X-Large-Stealth/dp/B076KWPT3R/ref=sr_1_128?dchild=1&keywords=jacket+for+men&qid=1632893335&sr=8-128
Men's Barrage Soft Shell Jacket,/Under-Armour-Barrage-Shell-Jacket/dp/B076DGNP7Y/ref=sr_1_129?dchild=1&keywords=jacket+for+men&qid=1632893335&sr=8-129
Men's Fleece Hooded Duck Shirt Jacket with Hydroshield,/Dickies-Fleece-Hooded-Jacket-Hydroshield/dp/B08C27YDTQ/ref=sr_1_130?dchild=1&keywords=jacket+for+men&qid=1632893335&sr=8-130
Phantom Soft Shell Jacket,/Condor-Phantom-Shell-Jacket-Medium/dp/B005ZHPFFS/ref=sr_1_131?dchild=1&keywords=jacket+for+men&qid=1632893335&sr=8-131
Men's Retro Unlined Stretch Denim Jacket,/Wrangler-Unlined-Stretch-Bozeman-X-Large/dp/B081W8DRZW/ref=sr_1_132?dchild=1&keywords=jacket+for+men&qid=1632893335&sr=8-132
Men's Singi Down Jacket,/Fjallraven-Mens-Singi-Jacket-Black/dp/B01M11TYUJ/ref=sr_1_133?dchild=1&keywords=jacket+for+men&qid=1632893335&sr=8-133
Men's Weathered Duck Detroit Jacket,/Carhartt-Weathered-Detroit-Jacket-Black/dp/B004QMXVHM/ref=sr_1_134?dchild=1&keywords=jacket+for+men&qid=1632893335&sr=8-134
Sirocco Mens Lightweight Jacket/Mens Outer Jackets,/Sirocco-Lightweight-Jacket-Outer-Jackets/dp/B00ATGZ48I/ref=sr_1_135?dchild=1&keywords=jacket+for+men&qid=1632893335&sr=8-135
Men's Relaxed Fit Washed Duck Sherpa-Lined Jacket,/Carhartt-Relaxed-Washed-Sherpa-Lined-Jacket/dp/B08BG8898Y/ref=sr_1_136?dchild=1&keywords=jacket+for+men&qid=1632893335&sr=8-136
Men's Mandarin collar with center zipper,/First-Mfg-Co-Mandarin-collar/dp/B07MN6QHBV/ref=sr_1_137?dchild=1&keywords=jacket+for+men&qid=1632893335&sr=8-137
Men's Logo 2.0 Softshell Jacket,/Ariat-Mens-Softshell-Jacket-Black/dp/B0793HW1SH/ref=sr_1_138?dchild=1&keywords=jacket+for+men&qid=1632893335&sr=8-138
Men's Water Resistant Ultra Loft Filled Hooded Puffer Jacket,/Tommy-Hilfiger-Resistant-Midnight-Colorblock/dp/B08C7XTNQR/ref=sr_1_139?dchild=1&keywords=jacket+for+men&qid=1632893335&sr=8-139
Men's Hooded Puffer Jacket,/Tommy-Hilfiger-Classic-Hooded-Heather/dp/B01L0B0EDK/ref=sr_1_140?dchild=1&keywords=jacket+for+men&qid=1632893335&sr=8-140
Men's Lightweight Waterproof Regatta Jacket,/Tommy-Hilfiger-Regatta-Jacket-Windbreaker/dp/B01JJIYNG0/ref=sr_1_141?dchild=1&keywords=jacket+for+men&qid=1632893335&sr=8-141
Men's Smooth Lamb Faux Leather Unfilled Bomber Jacket,/Tommy-Hilfiger-Smooth-Leather-Unfilled/dp/B01L08XWBE/ref=sr_1_142?dchild=1&keywords=jacket+for+men&qid=1632893335&sr=8-142
Men's Midweight Sherpa Lined Hooded Water Resistant Puffer Jacket,/Tommy-Hilfiger-Midweight-Resistant-Pearlized/dp/B08CZYNBXV/ref=sr_1_143?dchild=1&keywords=jacket+for+men&qid=1632893335&sr=8-143
"Men's Hooded Parka Jacket, Water and Wind Resistant",/Nautica-Quilted-Hooded-Parka-Jacket/dp/B072R2S3Y9/ref=sr_1_144?dchild=1&keywords=jacket+for+men&qid=1632893335&sr=8-144
Men's Winter Jackets Bomber Jacket Zipper Pockets Padded Coats Warm Windproof Outwear,/gp/slredirect/picassoRedirect.html/ref=pa_sp_atf_next_aps_sr_pg4_1?ie=UTF8&adId=A0879665ZSJA7Y0MZZDR&url=%2FBomber-Jacket-Thicken-Varsity-Outwear%2Fdp%2FB07YXNBT2V%2Fref%3Dsr_1_145_sspa%3Fdchild%3D1%26keywords%3Djacket%2Bfor%2Bmen%26qid%3D1632893341%26sr%3D8-145-spons%26psc%3D1%26smid%3DA3U9RCE56GV0D0&qualifier=1632893342&id=7670440729814506&widgetName=sp_atf_next
Men's UPF 50+ Jacket Hoodie Sun Protection Long Sleeve Light Full Zip UV Shirt with Pockets Fishing Hiking Outdoor,/gp/slredirect/picassoRedirect.html/ref=pa_sp_atf_next_aps_sr_pg4_1?ie=UTF8&adId=A04147983NCGDIP0ZM6R9&url=%2FDeyeek-Protection-Pockets-Fishing-Outdoor%2Fdp%2FB098K2HLZW%2Fref%3Dsr_1_146_sspa%3Fdchild%3D1%26keywords%3Djacket%2Bfor%2Bmen%26qid%3D1632893341%26sr%3D8-146-spons%26psc%3D1&qualifier=1632893342&id=7670440729814506&widgetName=sp_atf_next
Men's Lightweight Waterproof Hooded Rain Jacket Outdoor Raincoat Shell Jacket for Hiking Travel,/gp/slredirect/picassoRedirect.html/ref=pa_sp_atf_next_aps_sr_pg4_1?ie=UTF8&adId=A017923420DAZI7QQI3MZ&url=%2FLightweight-Waterproof-Hooded-Outdoor-Raincoat%2Fdp%2FB08M9MH25P%2Fref%3Dsr_1_147_sspa%3Fdchild%3D1%26keywords%3Djacket%2Bfor%2Bmen%26qid%3D1632893341%26sr%3D8-147-spons%26psc%3D1&qualifier=1632893342&id=7670440729814506&widgetName=sp_atf_next
Men's Winter Fleece Jacket Windproof Outdoor Hiking Full Zip Jackets,/gp/slredirect/picassoRedirect.html/ref=pa_sp_atf_next_aps_sr_pg4_1?ie=UTF8&adId=A01771692CFPKCMEDAW43&url=%2FCRYSULLY-Hunting-Mountain-Windbreaker-Jackets%2Fdp%2FB08M9NZHGT%2Fref%3Dsr_1_148_sspa%3Fdchild%3D1%26keywords%3Djacket%2Bfor%2Bmen%26qid%3D1632893341%26sr%3D8-148-spons%26psc%3D1&qualifier=1632893342&id=7670440729814506&widgetName=sp_atf_next
Men's Cotton Canvas Trucker Jacket with Removable Hood,/Levis-Trucker-Removable-Unfilled-X-Large/dp/B08SHXTQW2/ref=sr_1_149?dchild=1&keywords=jacket+for+men&qid=1632893341&sr=8-149
Men's Oroville Creek Lined Jacket,/Columbia-Oroville-Jacket-Collegiate-X-Large/dp/B07DKX1P92/ref=sr_1_150?dchild=1&keywords=jacket+for+men&qid=1632893341&sr=8-150
Men's Rugged Wear Flannel Lined Denim Jacket,/Wrangler-Rugged-Flannel-Jacket-Antique/dp/B00CZ738WS/ref=sr_1_151?dchild=1&keywords=jacket+for+men&qid=1632893341&sr=8-151
Men's Bomber Jacket,/Goodthreads-Mens-Bomber-Jacket-Large/dp/B077RMX7VN/ref=sr_1_152?dchild=1&keywords=jacket+for+men&qid=1632893341&sr=8-152
Mens Rain Jacket Waterproof with Hooded Hiking Coat Lightweight Windbreaker,/Waterproof-Windproof-Mountain-Lightweight-Windbreaker/dp/B08DCHFSKC/ref=sr_1_153?dchild=1&keywords=jacket+for+men&qid=1632893341&sr=8-153
Men's Arctic Cloth Quilted Snorkel Bomber Jacket,/Tommy-Hilfiger-Quilted-Arctic-Snorkel/dp/B07XVYXHKR/ref=sr_1_154?dchild=1&keywords=jacket+for+men&qid=1632893341&sr=8-154
Men's Hooded Rip Stop Water and Wind Resistant Jacket with Fleece Bib,/Calvin-Klein-Hooded-Jacket-Outerwear/dp/B07BZ1W46M/ref=sr_1_155?dchild=1&keywords=jacket+for+men&qid=1632893341&sr=8-155
Men's Concealed Carry Blanket Lined Denim Jacket,/Wrangler-Western-Concealed-Blanket-Vintage/dp/B07HCMFFZY/ref=sr_1_156?dchild=1&keywords=jacket+for+men&qid=1632893341&sr=8-156
"Men's Stockholm Down Puffer Jacket, Fill Power 700",/Marmot-Stockholm-Puffer-Jacket-Medium/dp/B075LG8B2F/ref=sr_1_157?dchild=1&keywords=jacket+for+men&qid=1632893341&sr=8-157
Men's Corduroy Sherpa Hooded Trucker Jacket,/Levis-Corduroy-Sherpa-Hooded-Trucker/dp/B08C2NLJN4/ref=sr_1_158?dchild=1&keywords=jacket+for+men&qid=1632893341&sr=8-158
Men's Full Swing Cryder Jacket (Regular and Big & Tall Sizes),/Carhartt-Swing-Cryder-Jacket-Shadow/dp/B01BUFCJE8/ref=sr_1_159?dchild=1&keywords=jacket+for+men&qid=1632893341&sr=8-159
Men's The Trucker Jacket,/Levis-Trucker-Jacket-Small-Nightwatch/dp/B01M2XF3LV/ref=sr_1_160?dchild=1&keywords=jacket+for+men&qid=1632893341&sr=8-160
Men's Jacket-Winter Thicken Field Fleece Cargo Coat With Removable Hood,/gp/slredirect/picassoRedirect.html/ref=pa_sp_mtf_aps_sr_pg4_1?ie=UTF8&adId=A04844732UZVT5WY16FUN&url=%2FCRYSULLY-Fashion-Sleeve-Lightweight-Military%2Fdp%2FB08HYLL1JK%2Fref%3Dsr_1_161_sspa%3Fdchild%3D1%26keywords%3Djacket%2Bfor%2Bmen%26qid%3D1632893341%26sr%3D8-161-spons%26psc%3D1&qualifier=1632893342&id=7670440729814506&widgetName=sp_mtf
Men's Jacket-Lightweight Casual Spring Fall Thin Bomber Zip Pockets Coat Outwear,/gp/slredirect/picassoRedirect.html/ref=pa_sp_mtf_aps_sr_pg4_1?ie=UTF8&adId=A07265652QQFQHOPPZZK9&url=%2FTACVASEN-Lightweight-Jacket-Softshell-Flight%2Fdp%2FB07VNDW5HX%2Fref%3Dsr_1_162_sspa%3Fdchild%3D1%26keywords%3Djacket%2Bfor%2Bmen%26qid%3D1632893341%26sr%3D8-162-spons%26psc%3D1&qualifier=1632893342&id=7670440729814506&widgetName=sp_mtf
Men's Winter Casual Thicken Multi-Pocket Outwear Jacket Coat With Removable Hood,/gp/slredirect/picassoRedirect.html/ref=pa_sp_mtf_aps_sr_pg4_1?ie=UTF8&adId=A06537143N0WQB4BW4FBZ&url=%2FCRYSULLY-Fashion-Sleeve-Lightweight-Military%2Fdp%2FB07VQYZ52R%2Fref%3Dsr_1_163_sspa%3Fdchild%3D1%26keywords%3Djacket%2Bfor%2Bmen%26qid%3D1632893341%26sr%3D8-163-spons%26psc%3D1%26smid%3DA2HAYHLPF6CED5&qualifier=1632893342&id=7670440729814506&widgetName=sp_mtf
mens Heavy Weight Hooded Bubble Jacket,/Reebok-Weight-Hooded-Charcoal-X-Large/dp/B07TKGGDW1/ref=sr_1_164?dchild=1&keywords=jacket+for+men&qid=1632893341&sr=8-164
Helly Hansen Squamish CIS (3-in-1) Rain Jacket,/Helly-Hansen-Squamish-Jacket-X-Large/dp/B00IABVZC8/ref=sr_1_165?dchild=1&keywords=jacket+for+men&qid=1632893341&sr=8-165
mens Faux Leather Hooded Racer Jacket (Regular and Big and Tall Sizes),/Levis-Leather-Fleece-Lining-Medium/dp/B00JB8PCZ0/ref=sr_1_166?dchild=1&keywords=jacket+for+men&qid=1632893341&sr=8-166
New Team Softshell Jacket,/Ariat-Mens-Team-Softshell-Black/dp/B01GSP21P2/ref=sr_1_167?dchild=1&keywords=jacket+for+men&qid=1632893341&sr=8-167
Men's Mountain Waterproof Ski Snow Jacket Winter Windproof Rain Jacket,/GEMYSE-Waterproof-Mountain-Jacket-Windproof/dp/B00RHTAUHA/ref=sr_1_168?dchild=1&keywords=jacket+for+men&qid=1632893341&sr=8-168
Men's Workwear Mandal Jacket,/Helly-Hansen-Workwear-Mandal-Jacket/dp/B00DPHZ3UM/ref=sr_1_169?dchild=1&keywords=jacket+for+men&qid=1632893341&sr=8-169
Men's Minimalist Lightweight Waterproof Rain Jacket,/Marmot-Minimalist-Jacket-Black-Large/dp/B078WGP7W6/ref=sr_1_170?dchild=1&keywords=jacket+for+men&qid=1632893341&sr=8-170
Men's Scrape Jacket | Wind/Water Resistant & Insulated-Safety Strap Compatible,/Nomad-Scrape-Insulated-Whitetail-X-Large/dp/B07VQNDK74/ref=sr_1_171?dchild=1&keywords=jacket+for+men&qid=1632893341&sr=8-171
mens Classic Puffer Jacket (Standard and Big & Tall),/Tommy-Hilfiger-Classic-Puffer-Jacket/dp/B00ZX7U2XU/ref=sr_1_172?dchild=1&keywords=jacket+for+men&qid=1632893341&sr=8-172
Men's Arctic Cloth Heavyweight Performance Parka,/Tommy-Hilfiger-Quilted-Removable-Isulation/dp/B01L0AYPRW/ref=sr_1_173?dchild=1&keywords=jacket+for+men&qid=1632893341&sr=8-173
mens Faux Lamb Leather Moto Jacket With Removable Hood and Bib,/Calvin-Klein-Leather-Jacket-Hoodie/dp/B00JGEGX02/ref=sr_1_174?dchild=1&keywords=jacket+for+men&qid=1632893341&sr=8-174
Mens Rugged Ridge Ii Full Zip Sherpa Jacket,/Columbia-Rugged-Ridge-Sherpa-Fleece/dp/B0815HPC4Y/ref=sr_1_175?dchild=1&keywords=jacket+for+men&qid=1632893341&sr=8-175
Men's Windproof Bomber Jacket Lightweight Winter Thicken Mountain Outerwear Coats,/gp/slredirect/picassoRedirect.html/ref=pa_sp_mtf_aps_sr_pg4_1?ie=UTF8&adId=A01945092T1M0TPENOZKL&url=%2FLASIUMIAT-Running-Jackets-Sportswear-Thermal%2Fdp%2FB08G8P2P5K%2Fref%3Dsr_1_176_sspa%3Fdchild%3D1%26keywords%3Djacket%2Bfor%2Bmen%26qid%3D1632893341%26sr%3D8-176-spons%26psc%3D1%26smid%3DA30FR0N8PIC34Z&qualifier=1632893342&id=7670440729814506&widgetName=sp_mtf
Men's Lightweight Bomber Jacket Windbreaker Softshell Varsity Jacket Coat,/gp/slredirect/picassoRedirect.html/ref=pa_sp_mtf_aps_sr_pg4_1?ie=UTF8&adId=A0110696G02SJYI8DS8L&url=%2FMAGNIVIT-Lightweight-Flight-Windbreaker-Softshell%2Fdp%2FB07VSQKXSJ%2Fref%3Dsr_1_177_sspa%3Fdchild%3D1%26keywords%3Djacket%2Bfor%2Bmen%26qid%3D1632893341%26sr%3D8-177-spons%26psc%3D1&qualifier=1632893342&id=7670440729814506&widgetName=sp_mtf
Men's Outdoor Military Jackets Water-Resistant Softshell Windbreaker Fleece Lined Hooded Jacket Multi-Pockets,/gp/slredirect/picassoRedirect.html/ref=pa_sp_mtf_aps_sr_pg4_1?ie=UTF8&adId=A024070723UTFMNRTZ7JJ&url=%2FCHEXPEL-Water-Resistant-Softshell-Windbreaker-Lightweight%2Fdp%2FB08H2J8VS5%2Fref%3Dsr_1_178_sspa%3Fdchild%3D1%26keywords%3Djacket%2Bfor%2Bmen%26qid%3D1632893341%26sr%3D8-178-spons%26psc%3D1&qualifier=1632893342&id=7670440729814506&widgetName=sp_mtf
Men's 71670-4741,/Marmot-Mens-Zeus-Large-Black/dp/B07DGG2MJM/ref=sr_1_179?dchild=1&keywords=jacket+for+men&qid=1632893341&sr=8-179
Golf Men's Climaproof Heather Rain Jacket,/adidas-Climaproof-Heather-Jacket-X-Large/dp/B079H6HRJY/ref=sr_1_180?dchild=1&keywords=jacket+for+men&qid=1632893341&sr=8-180
Men's Woodsman Heavyweight Quilted Shirt Jacket,/Legendary-Whitetails-Woodsman-Quilted-Graphite/dp/B01KW2PYYC/ref=sr_1_181?dchild=1&keywords=jacket+for+men&qid=1632893341&sr=8-181
Men's Tnp Bzi Jacket,/Oakley-Mens-Jacket-Black-White/dp/B082WFDF5K/ref=sr_1_182?dchild=1&keywords=jacket+for+men&qid=1632893341&sr=8-182
Men's Midweight Sherpa Lined Hooded Water Resistant Puffer Jacket,/Tommy-Hilfiger-Midweight-Resistant-Pearlized/dp/B08D11KFHT/ref=sr_1_183?dchild=1&keywords=jacket+for+men&qid=1632893341&sr=8-183
Men's Varsity Bomber Trucker Jacket,/Levis-Varsity-Bomber-Trucker-X-Large/dp/B078HHZT7W/ref=sr_1_184?dchild=1&keywords=jacket+for+men&qid=1632893341&sr=8-184
Men's Mt. Washington Insulated Jacket,/Timberland-PRO-Washington-Insulated-Jacket/dp/B07NFPFCPT/ref=sr_1_185?dchild=1&keywords=jacket+for+men&qid=1632893341&sr=8-185
Men’s Thermoball Eco Insulated Jacket,/North-Face-Mens-Thermoball-Jacket/dp/B07PVLGH7F/ref=sr_1_186?dchild=1&keywords=jacket+for+men&qid=1632893341&sr=8-186
Men's White Out II Omni Heat Insulated Puffer Jacket,/Columbia-White-Insulated-Puffer-Jacket/dp/B07XRWM3K7/ref=sr_1_187?dchild=1&keywords=jacket+for+men&qid=1632893341&sr=8-187
Men's Classic Faux Leather Jacket,/Tommy-Hilfiger-Classic-Leather-Jacket/dp/B07GG1PYNH/ref=sr_1_188?dchild=1&keywords=jacket+for+men&qid=1632893341&sr=8-188
Men's Calen Insulated Puffer,/Marmot-Insulated-Puffer-Jacket-Medium/dp/B075LG4HDN/ref=sr_1_189?dchild=1&keywords=jacket+for+men&qid=1632893341&sr=8-189
Men's Packable Water-Repellant Run Jacket,/Amazon-Essentials-Standard-Packable-Water-Repellant/dp/B07Z98R3MB/ref=sr_1_190?dchild=1&keywords=jacket+for+men&qid=1632893341&sr=8-190
Men's Varilite Soft Heavy Jacket,/adidas-Outdoor-Varilite-Jacket-X-Large/dp/B087C52619/ref=sr_1_191?dchild=1&keywords=jacket+for+men&qid=1632893341&sr=8-191
"Men's Polar Fleece Jacket, Amazon Exclusive",/Starter-Standard-Fleece-Jacket-Heather/dp/B07JHCY8TZ/ref=sr_1_192?dchild=1&keywords=jacket+for+men&qid=1632893341&sr=8-192
33874 Men's Crew Hooded Midlayer Jacket,/Helly-Hansen-Waterproof-Windproof-Breathable/dp/B01M247GDO/ref=sr_1_193?dchild=1&keywords=jacket+for+men&qid=1632893341&sr=8-193
Men's Water Resistant Performance Bomber Jacket (Standard and Big & Tall),/Tommy-Hilfiger-Performance-Bomber-Jacket/dp/B00JBXOT9A/ref=sr_1_194?dchild=1&keywords=jacket+for+men&qid=1632893341&sr=8-194
Men's Faux Leather Motorcycle Jacket,/Levis-Leather-Motorcycle-Jacket-XX-Large/dp/B07FK7G8P7/ref=sr_1_195?dchild=1&keywords=jacket+for+men&qid=1632893341&sr=8-195
Men's Guides Down Winter Jacket,/Marmot-Guides-Winter-Puffer-X-Large/dp/B075LFKKRT/ref=sr_1_196?dchild=1&keywords=jacket+for+men&qid=1632893341&sr=8-196
Men's Western Unlined Denim Jacket,/Wrangler-Unlined-Denim-Jacket-Large/dp/B0058SJP5A/ref=sr_1_197?dchild=1&keywords=jacket+for+men&qid=1632893341&sr=8-197
Men's Delta Ridge Down Jacket,/Columbia-Delta-Ridge-Jacket-XX-Large/dp/B07JW4XVHX/ref=sr_1_198?dchild=1&keywords=jacket+for+men&qid=1632893341&sr=8-198
Men's Bugaboo II Fleece Interchange Jacket,/Columbia-Bugaboo-Fleece-Interchange-Jacket/dp/B0786FMC39/ref=sr_1_199?dchild=1&keywords=jacket+for+men&qid=1632893341&sr=8-199
Men's Retro Colorblocked Stand Collar Performance Puffer Jacket,/Tommy-Hilfiger-Colorblocked-Collar-Performance/dp/B07XVYG6VS/ref=sr_1_200?dchild=1&keywords=jacket+for+men&qid=1632893341&sr=8-200
Men's Water and Wind Resistant Rip Stop Bomber jacket (Standard and Big & Tall),/Calvin-Klein-Bomber-Jacket-Outerwear/dp/B07BZ1X6WM/ref=sr_1_201?dchild=1&keywords=jacket+for+men&qid=1632893341&sr=8-201
Men's Altier Down Triclimate Jacket,/North-Face-Altier-Triclimate-Jacket/dp/B097NJGQ5T/ref=sr_1_202?dchild=1&keywords=jacket+for+men&qid=1632893341&sr=8-202
Mens Waterproof Fleece Jacket Running Jacket Windproof Thicken Warm Coat,/gp/slredirect/picassoRedirect.html/ref=pa_sp_btf_aps_sr_pg4_1?ie=UTF8&adId=A000568430G5A37LOZVQ4&url=%2FWantdo-Waterproof-Outdoor-Sportwear-Windproof%2Fdp%2FB07XRR7YD2%2Fref%3Dsr_1_203_sspa%3Fdchild%3D1%26keywords%3Djacket%2Bfor%2Bmen%26qid%3D1632893341%26sr%3D8-203-spons%26psc%3D1&qualifier=1632893342&id=7670440729814506&widgetName=sp_btf
Men's Bomber Jacket Casual Fall Winter Military Jacket and Coats Outwear,/gp/slredirect/picassoRedirect.html/ref=pa_sp_btf_aps_sr_pg4_1?ie=UTF8&adId=A07924412595ULQ2AX3G3&url=%2FMAGNIVIT-Jacket-Flight-Jackets-Pockets%2Fdp%2FB083S85X9C%2Fref%3Dsr_1_204_sspa%3Fdchild%3D1%26keywords%3Djacket%2Bfor%2Bmen%26qid%3D1632893341%26sr%3D8-204-spons%26psc%3D1%26smid%3DA2P9Q3EPHUZGCZ&qualifier=1632893342&id=7670440729814506&widgetName=sp_btf
Men's Lightweight Bomber Jacket Windbreaker Softshell Varsity Jacket Coat,/gp/slredirect/picassoRedirect.html/ref=pa_sp_atf_next_aps_sr_pg5_1?ie=UTF8&adId=A0110696G02SJYI8DS8L&url=%2FMAGNIVIT-Lightweight-Flight-Windbreaker-Softshell%2Fdp%2FB07VSQKXSJ%2Fref%3Dsr_1_193_sspa%3Fdchild%3D1%26keywords%3Djacket%2Bfor%2Bmen%26qid%3D1632893347%26sr%3D8-193-spons%26psc%3D1&qualifier=1632893347&id=6387014940168245&widgetName=sp_atf_next
Men's Winter Casual Thicken Multi-Pocket Field Jacket Outwear Fleece Cargo Jackets Coat,/gp/slredirect/picassoRedirect.html/ref=pa_sp_atf_next_aps_sr_pg5_1?ie=UTF8&adId=A03568021R59O6JJ4TQBE&url=%2FCRYSULLY-Winter-Thicken-Multi-Pocket-Outwear%2Fdp%2FB07W4JM5Q7%2Fref%3Dsr_1_194_sspa%3Fdchild%3D1%26keywords%3Djacket%2Bfor%2Bmen%26qid%3D1632893347%26sr%3D8-194-spons%26psc%3D1&qualifier=1632893347&id=6387014940168245&widgetName=sp_atf_next
Men's Cotton Bomber Jacket Casual Windbreak Outwear Stand Collar Zipper Coat,/gp/slredirect/picassoRedirect.html/ref=pa_sp_atf_next_aps_sr_pg5_1?ie=UTF8&adId=A06278562QI84HEN27ZR9&url=%2FTebreux-Cotton-Bomber-Windbreak-Outwear%2Fdp%2FB08BZKZ2V3%2Fref%3Dsr_1_195_sspa%3Fdchild%3D1%26keywords%3Djacket%2Bfor%2Bmen%26qid%3D1632893347%26sr%3D8-195-spons%26psc%3D1%26smid%3DA2K1NGED4UPDY9&qualifier=1632893347&id=6387014940168245&widgetName=sp_atf_next
Men's Windproof Bomber Jacket Lightweight Winter Thicken Mountain Outerwear Coats,/gp/slredirect/picassoRedirect.html/ref=pa_sp_atf_next_aps_sr_pg5_1?ie=UTF8&adId=A01945092T1M0TPENOZKL&url=%2FLASIUMIAT-Running-Jackets-Sportswear-Thermal%2Fdp%2FB08G8P2P5K%2Fref%3Dsr_1_196_sspa%3Fdchild%3D1%26keywords%3Djacket%2Bfor%2Bmen%26qid%3D1632893347%26sr%3D8-196-spons%26psc%3D1%26smid%3DA30FR0N8PIC34Z&qualifier=1632893347&id=6387014940168245&widgetName=sp_atf_next
Men's Autumn Park Down Jacket,/Columbia-Mens-Autumn-Park-Jacket/dp/B0814BGH9Y/ref=sr_1_197?dchild=1&keywords=jacket+for+men&qid=1632893347&sr=8-197
Men's Tsillan Full Zip Jacket,/North-Face-Tsillan-Black-Heather/dp/B08C6SGZNJ/ref=sr_1_198?dchild=1&keywords=jacket+for+men&qid=1632893347&sr=8-198
Men's Soccer Condivo 18 Stadium Parka Jacket,/adidas-Soccer-Condivo-Stadium-X-Large/dp/B079STDQJH/ref=sr_1_199?dchild=1&keywords=jacket+for+men&qid=1632893347&sr=8-199
Men's Eager Air Interchange 3-in-1 Jacket,/Columbia-Interchange-Jacket-Collegiate-Medium/dp/B07KD2V5RJ/ref=sr_1_200?dchild=1&keywords=jacket+for+men&qid=1632893347&sr=8-200
Men's Hart Mountain II Half Zip Jacket,/Columbia-Jacket-Charcoal-Heather-Large/dp/B0059DVF6G/ref=sr_1_201?dchild=1&keywords=jacket+for+men&qid=1632893347&sr=8-201
Men's Apex Nimble 2 Jacket,/North-Face-Nimble-Jacket-Black/dp/B07TTD498R/ref=sr_1_202?dchild=1&keywords=jacket+for+men&qid=1632893347&sr=8-202
Men's Altier Down Triclimate Jacket,/North-Face-Altier-Triclimate-Jacket/dp/B097NJGQ5T/ref=sr_1_203?dchild=1&keywords=jacket+for+men&qid=1632893347&sr=8-203
Zip Up Sherpa Lined Mens Hoodies Heavyweight Outdoor Winter Fleece Sweatshirt Jackets,/Leehanton-Sherpa-Lined-Fleece-Hoodie-Jackets/dp/B01AVQF0DY/ref=sr_1_204?dchild=1&keywords=jacket+for+men&qid=1632893347&sr=8-204
Bike Winter Jacket Windproof Fleece Thermal Warm UP Cycling Bicycle Jerseys Long Sleeves,/Santic-Windproof-Breathable-Lightweight-Reflective/dp/B0814P321T/ref=sr_1_205?dchild=1&keywords=jacket+for+men&qid=1632893347&sr=8-205
"Men's Rainfoil Packable Jacket, Dark Smoke XL",/Eddie-Bauer-Rainfoil-Packable-Regular/dp/B01NCZ2GR6/ref=sr_1_206?dchild=1&keywords=jacket+for+men&qid=1632893347&sr=8-206
Covert Snowboard Jacket Mens,/Burton-Covert-Jacket-Heather-Large/dp/B07KY6WJR8/ref=sr_1_207?dchild=1&keywords=jacket+for+men&qid=1632893347&sr=8-207
Men's Real Down Insulated Packable Puffer Jacket,/Tommy-Hilfiger-Insulated-Packable-Midnight/dp/B082PLXZ8N/ref=sr_1_208?dchild=1&keywords=jacket+for+men&qid=1632893347&sr=8-208
Men's Jacket-Winter Thicken Field Fleece Cargo Coat With Removable Hood,/gp/slredirect/picassoRedirect.html/ref=pa_sp_mtf_aps_sr_pg5_1?ie=UTF8&adId=A04844732UZVT5WY16FUN&url=%2FCRYSULLY-Fashion-Sleeve-Lightweight-Military%2Fdp%2FB08HYLL1JK%2Fref%3Dsr_1_209_sspa%3Fdchild%3D1%26keywords%3Djacket%2Bfor%2Bmen%26qid%3D1632893347%26sr%3D8-209-spons%26psc%3D1&qualifier=1632893347&id=6387014940168245&widgetName=sp_mtf
Men's Jacket-Lightweight Casual Spring Fall Thin Bomber Zip Pockets Coat Outwear,/gp/slredirect/picassoRedirect.html/ref=pa_sp_mtf_aps_sr_pg5_1?ie=UTF8&adId=A07265652QQFQHOPPZZK9&url=%2FTACVASEN-Lightweight-Jacket-Softshell-Flight%2Fdp%2FB07VNDW5HX%2Fref%3Dsr_1_210_sspa%3Fdchild%3D1%26keywords%3Djacket%2Bfor%2Bmen%26qid%3D1632893347%26sr%3D8-210-spons%26psc%3D1&qualifier=1632893347&id=6387014940168245&widgetName=sp_mtf
Men's Winter Casual Thicken Multi-Pocket Outwear Jacket Coat With Removable Hood,/gp/slredirect/picassoRedirect.html/ref=pa_sp_mtf_aps_sr_pg5_1?ie=UTF8&adId=A06537143N0WQB4BW4FBZ&url=%2FCRYSULLY-Fashion-Sleeve-Lightweight-Military%2Fdp%2FB07VQYZ52R%2Fref%3Dsr_1_211_sspa%3Fdchild%3D1%26keywords%3Djacket%2Bfor%2Bmen%26qid%3D1632893347%26sr%3D8-211-spons%26psc%3D1%26smid%3DA2HAYHLPF6CED5&qualifier=1632893347&id=6387014940168245&widgetName=sp_mtf
Men's Water-Resistant Softshell Jacket fit by DXL,/Amazon-Essentials-Water-Resistant-Softshell-Jacket/dp/B07HB5NHD3/ref=sr_1_212?dchild=1&keywords=jacket+for+men&qid=1632893347&sr=8-212
Men’s Voodoo Falls 590 TurboDown Hooded Jacket,/Columbia-Voodoo-TurboDown-Hooded-Jacket/dp/B01883KS16/ref=sr_1_213?dchild=1&keywords=jacket+for+men&qid=1632893347&sr=8-213
Workwear Men's Roan Waterproof Anorak Jacket,/Helly-Hansen-Workwear-Fishing-Charcoal/dp/B003DZ0UBS/ref=sr_1_214?dchild=1&keywords=jacket+for+men&qid=1632893347&sr=8-214
Mastermind - Men's Leather Motorcycle Jacket,/First-Manufacturing-Utility-Cruising-Jacket/dp/B003HXWK6Y/ref=sr_1_215?dchild=1&keywords=jacket+for+men&qid=1632893347&sr=8-215
Men's Wind Jacket,/adidas-Mens-Jacket-White-Large/dp/B07KSJHZHG/ref=sr_1_216?dchild=1&keywords=jacket+for+men&qid=1632893347&sr=8-216
Men's Ultra-Lite2 Waterproof Breathable Rain Jacket,/Frogg-Toggs-Ultra-Lite2-Jacket-Medium/dp/B00DQNC6TG/ref=sr_1_217?dchild=1&keywords=jacket+for+men&qid=1632893347&sr=8-217
Men's Sandstone Active Jacket,/Carhartt-Sandstone-Active-Jacket-Black/dp/B0027BEAQA/ref=sr_1_218?dchild=1&keywords=jacket+for+men&qid=1632893347&sr=8-218
Workwear Revolution Men Scrubs Jacket Zip Front WW320,/Cherokee-Revolution-WW320-Front-Jacket/dp/B07BH7KDXS/ref=sr_1_219?dchild=1&keywords=jacket+for+men&qid=1632893347&sr=8-219
"Men's Winter Ski Jacket, Waterproof Warm Insulated Snow Coats, Cold Weather Windproof Snowboard Jacket with Hood",/TSLA-Waterproof-Outdoors-Windproof-Multipocket/dp/B07WC1SQK7/ref=sr_1_220?dchild=1&keywords=jacket+for+men&qid=1632893347&sr=8-220
"Men's Hooded Parka Jacket, Water and Wind Resistant",/Nautica-Quilted-Hooded-Parka-Jacket/dp/B071K9T62K/ref=sr_1_221?dchild=1&keywords=jacket+for+men&qid=1632893347&sr=8-221
mens Minimalist Lightweight Waterproof Rain Jacket,/Marmot-Minimalist-Lightweight-Waterproof-Gore-Tex/dp/B07V5R1XH2/ref=sr_1_222?dchild=1&keywords=jacket+for+men&qid=1632893347&sr=8-222
Men's Flash Forward Windbreaker Print,/Columbia-Forward-Windbreaker-Wonders-X-Large/dp/B08BVFPCQ8/ref=sr_1_223?dchild=1&keywords=jacket+for+men&qid=1632893347&sr=8-223
Men's UPF 50+ Jacket Hoodie Sun Protection Long Sleeve Light Full Zip UV Shirt with Pockets Fishing Hiking Outdoor,/gp/slredirect/picassoRedirect.html/ref=pa_sp_mtf_aps_sr_pg5_1?ie=UTF8&adId=A04147983NCGDIP0ZM6R9&url=%2FDeyeek-Protection-Pockets-Fishing-Outdoor%2Fdp%2FB098K2HLZW%2Fref%3Dsr_1_224_sspa%3Fdchild%3D1%26keywords%3Djacket%2Bfor%2Bmen%26qid%3D1632893347%26sr%3D8-224-spons%26psc%3D1&qualifier=1632893347&id=6387014940168245&widgetName=sp_mtf
Mens Waterproof Fleece Jacket Running Jacket Windproof Thicken Warm Coat,/gp/slredirect/picassoRedirect.html/ref=pa_sp_mtf_aps_sr_pg5_1?ie=UTF8&adId=A000568430G5A37LOZVQ4&url=%2FWantdo-Waterproof-Outdoor-Sportwear-Windproof%2Fdp%2FB07XRR7YD2%2Fref%3Dsr_1_225_sspa%3Fdchild%3D1%26keywords%3Djacket%2Bfor%2Bmen%26qid%3D1632893347%26sr%3D8-225-spons%26psc%3D1&qualifier=1632893347&id=6387014940168245&widgetName=sp_mtf
Men's Long Sleeve Running Shirts Full Zip UPF 50+ Jacket Hoodie with Pocket for Hiking Workout,/gp/slredirect/picassoRedirect.html/ref=pa_sp_mtf_aps_sr_pg5_1?ie=UTF8&adId=A02342741F1808BABVUJI&url=%2FBALEAF-Sleeve-Running-Shirts-Workout%2Fdp%2FB09B21QQTZ%2Fref%3Dsr_1_226_sspa%3Fdchild%3D1%26keywords%3Djacket%2Bfor%2Bmen%26qid%3D1632893347%26sr%3D8-226-spons%26psc%3D1&qualifier=1632893347&id=6387014940168245&widgetName=sp_mtf
Men's Storm Defender Loose Fit Midweight Utility Jacket,/Carhartt-Defender-Midweight-Hooded-Jacket/dp/B07WJ72CSV/ref=sr_1_227?dchild=1&keywords=jacket+for+men&qid=1632893347&sr=8-227
Men's Full Swing Relaxed Fit Ripstop Insulated Jacket,/Carhartt-Swing-Steel-Jacket-X-Large/dp/B07GDVV67N/ref=sr_1_228?dchild=1&keywords=jacket+for+men&qid=1632893347&sr=8-228
The NORTHFACE Men's TREVAIL Jacket Black,/North-Face-Trevail-Jacket-Medium/dp/B01N694RMH/ref=sr_1_229?dchild=1&keywords=jacket+for+men&qid=1632893347&sr=8-229
Men's Steens Mountain Full Zip 2.0 Soft Fleece Jacket,/Columbia-Steens-Mountain-Fleece-Surplus/dp/B0084AWS9O/ref=sr_1_230?dchild=1&keywords=jacket+for+men&qid=1632893347&sr=8-230
Men's Loke Waterproof Windproof Breathable Rain Jacket,/Helly-Hansen-Jacket-Electric-Large/dp/B07LBHJV8H/ref=sr_1_231?dchild=1&keywords=jacket+for+men&qid=1632893347&sr=8-231
Commercial Rainsuit,/Stansport-Commercial-Rainsuit-Yellow-Medium/dp/B002V31V5C/ref=sr_1_232?dchild=1&keywords=jacket+for+men&qid=1632893347&sr=8-232
Men's Standard Steens Mountain 2.0 Full Zip Fleece Jacket,/Columbia-Steens-Mountain-Fleece-Classic/dp/B00Q7B3ADK/ref=sr_1_233?dchild=1&keywords=jacket+for+men&qid=1632893347&sr=8-233
Men's Midweight Bomber Jacket,/Amazon-Essentials-Midweight-Bomber-Jacket/dp/B07Q47NLNZ/ref=sr_1_234?dchild=1&keywords=jacket+for+men&qid=1632893347&sr=8-234
Men's Solitude Insulated Jacket,/First-Lite-Solitude-Insulated-Jacket/dp/B0977XD7PX/ref=sr_1_235?dchild=1&keywords=jacket+for+men&qid=1632893347&sr=8-235
Men's Water Resistant Performance Bomber Jacket (Standard and Big & Tall),/Tommy-Hilfiger-Performance-Bomber-Jacket/dp/B00JBXOUO4/ref=sr_1_236?dchild=1&keywords=jacket+for+men&qid=1632893347&sr=8-236
Men's Gotham Insulated Jacket III,/North-Face-Gotham-Jacket-Vintage/dp/B08BDTKMX2/ref=sr_1_237?dchild=1&keywords=jacket+for+men&qid=1632893347&sr=8-237
Men's Performance Tundra Jacket with Added Visibility,/Arctix-Performance-Tundra-Visibility-2X-Large/dp/B00RV2LU3Q/ref=sr_1_238?dchild=1&keywords=jacket+for+men&qid=1632893347&sr=8-238
Men's Full-Zip Polar Fleece Vest,/Amazon-Essentials-Full-Zip-Fleece-X-Large/dp/B079LNQM9Y/ref=sr_1_239?dchild=1&keywords=jacket+for+men&qid=1632893347&sr=8-239
Textured Hooded Soft Shell Jacket. J706,/Port-Authority-Resistant-Jacket_Mineral-Ornge_M/dp/B00NU4O9HI/ref=sr_1_240?dchild=1&keywords=jacket+for+men&qid=1632893347&sr=8-240
Men's Retro Unlined Stretch Denim Jacket,/Wrangler-Unlined-Stretch-Bozeman-X-Large/dp/B081W8DRZW/ref=sr_1_241?dchild=1&keywords=jacket+for+men&qid=1632893347&sr=8-241
Men's Grays Torreys Insulated Jacket,/North-Face-Torreys-Insulated-Jacket/dp/B08MV9X6J8/ref=sr_1_242?dchild=1&keywords=jacket+for+men&qid=1632893347&sr=8-242
mens Heavyweight Hooded Parka Jacket With Removable Faux Fur Trim,/Guess-Heavy-Weight-Parka-Jacket/dp/B07SW18Y5L/ref=sr_1_243?dchild=1&keywords=jacket+for+men&qid=1632893347&sr=8-243
Alpha Micro Fleece Jacket,/Condor-Micro-Fleece-Jacket-X-Large/dp/B005VDR0FO/ref=sr_1_244?dchild=1&keywords=jacket+for+men&qid=1632893347&sr=8-244
"Men's Waterproof Rain Jacket Outdoor Lightweight Rain Shell Coat for Hiking, Travel",/Little-Donkey-Andy-Waterproof-Mountain/dp/B07MQX475F/ref=sr_1_245?dchild=1&keywords=jacket+for+men&qid=1632893347&sr=8-245
Men's Hooded Tactical Jacket Water Resistant Soft Shell Snow Ski Winter Coats,/Windproof-Waterproof-Jacket-Mountain-Durable/dp/B01GO0SZBU/ref=sr_1_246?dchild=1&keywords=jacket+for+men&qid=1632893347&sr=8-246
Men's Rough Cut Jacket,/Carhartt-Mens-Rough-Jacket-X-Large/dp/B01MTCHWBX/ref=sr_1_247?dchild=1&keywords=jacket+for+men&qid=1632893347&sr=8-247
Men's Duck Chore Jacket C001 (Regular and Big & Tall Sizes),/Carhartt-Chore-Jacket-Regular-Sizes/dp/B07RX5W7W7/ref=sr_1_248?dchild=1&keywords=jacket+for+men&qid=1632893347&sr=8-248
Waterproof Golf Rain Suits for Men Performance Rain Jackets and Pants for All Sports,/fit-space-Waterproof-Jacket-Full-Zip/dp/B07N65ZKGR/ref=sr_1_249?dchild=1&keywords=jacket+for+men&qid=1632893347&sr=8-249
Men's Team Jacket,/Ariat-Mens-Jacket-Black-XX-Large/dp/B007O16TYY/ref=sr_1_250?dchild=1&keywords=jacket+for+men&qid=1632893347&sr=8-250
Men's Lightweight Waterproof Hooded Rain Jacket Outdoor Raincoat Shell Jacket for Hiking Travel,/gp/slredirect/picassoRedirect.html/ref=pa_sp_btf_aps_sr_pg5_1?ie=UTF8&adId=A06201781F7F2RUWHF2C8&url=%2FLightweight-Waterproof-Hooded-Outdoor-Raincoat%2Fdp%2FB08F9ZDT7M%2Fref%3Dsr_1_251_sspa%3Fdchild%3D1%26keywords%3Djacket%2Bfor%2Bmen%26qid%3D1632893347%26sr%3D8-251-spons%26psc%3D1&qualifier=1632893347&id=6387014940168245&widgetName=sp_btf
Men's Bomber Jacket Casual Fall Winter Military Jacket and Coats Outwear,/gp/slredirect/picassoRedirect.html/ref=pa_sp_btf_aps_sr_pg5_1?ie=UTF8&adId=A07924412595ULQ2AX3G3&url=%2FMAGNIVIT-Jacket-Flight-Jackets-Pockets%2Fdp%2FB083S85X9C%2Fref%3Dsr_1_252_sspa%3Fdchild%3D1%26keywords%3Djacket%2Bfor%2Bmen%26qid%3D1632893347%26sr%3D8-252-spons%26psc%3D1%26smid%3DA2P9Q3EPHUZGCZ&qualifier=1632893347&id=6387014940168245&widgetName=sp_btf
Men's Winter Jackets Bomber Jacket Zipper Pockets Padded Coats Warm Windproof Outwear,/gp/slredirect/picassoRedirect.html/ref=pa_sp_atf_next_aps_sr_pg6_1?ie=UTF8&adId=A0879665ZSJA7Y0MZZDR&url=%2FBomber-Jacket-Thicken-Varsity-Outwear%2Fdp%2FB07YXNBT2V%2Fref%3Dsr_1_241_sspa%3Fdchild%3D1%26keywords%3Djacket%2Bfor%2Bmen%26qid%3D1632893354%26sr%3D8-241-spons%26psc%3D1%26smid%3DA3U9RCE56GV0D0&qualifier=1632893354&id=6019716498416348&widgetName=sp_atf_next
Men's Lightweight Waterproof Hooded Rain Jacket Outdoor Raincoat Shell Jacket for Hiking Travel,/gp/slredirect/picassoRedirect.html/ref=pa_sp_atf_next_aps_sr_pg6_1?ie=UTF8&adId=A017923420DAZI7QQI3MZ&url=%2FLightweight-Waterproof-Hooded-Outdoor-Raincoat%2Fdp%2FB08M9MH25P%2Fref%3Dsr_1_242_sspa%3Fdchild%3D1%26keywords%3Djacket%2Bfor%2Bmen%26qid%3D1632893354%26sr%3D8-242-spons%26psc%3D1&qualifier=1632893354&id=6019716498416348&widgetName=sp_atf_next
Men's Outdoor Military Jackets Water-Resistant Softshell Windbreaker Fleece Lined Hooded Jacket Multi-Pockets,/gp/slredirect/picassoRedirect.html/ref=pa_sp_atf_next_aps_sr_pg6_1?ie=UTF8&adId=A024070723UTFMNRTZ7JJ&url=%2FCHEXPEL-Water-Resistant-Softshell-Windbreaker-Lightweight%2Fdp%2FB08H2J8VS5%2Fref%3Dsr_1_243_sspa%3Fdchild%3D1%26keywords%3Djacket%2Bfor%2Bmen%26qid%3D1632893354%26sr%3D8-243-spons%26psc%3D1&qualifier=1632893354&id=6019716498416348&widgetName=sp_atf_next
Men's Winter Casual Thicken Multi-Pocket Field Jacket Outwear Fleece Cargo Jackets Coat,/gp/slredirect/picassoRedirect.html/ref=pa_sp_atf_next_aps_sr_pg6_1?ie=UTF8&adId=A03568021R59O6JJ4TQBE&url=%2FCRYSULLY-Winter-Thicken-Multi-Pocket-Outwear%2Fdp%2FB07W4JM5Q7%2Fref%3Dsr_1_244_sspa%3Fdchild%3D1%26keywords%3Djacket%2Bfor%2Bmen%26qid%3D1632893354%26sr%3D8-244-spons%26psc%3D1&qualifier=1632893354&id=6019716498416348&widgetName=sp_atf_next
Men's Glennaker Storm Jacket,/Oregon-Beavers-Collegiate-Glennaker-Jacket/dp/B07ZWYLYG6/ref=sr_1_245?dchild=1&keywords=jacket+for+men&qid=1632893354&sr=8-245
Men's Division 3.0 Jacket,/Oakley-Mens-Division-Jacket-Nuclear/dp/B08G3X8TGY/ref=sr_1_246?dchild=1&keywords=jacket+for+men&qid=1632893354&sr=8-246
Men's Apex Bionic 2 Jacket,/North-Face-Bionic-Jacket-Black/dp/B08BDH91Q5/ref=sr_1_247?dchild=1&keywords=jacket+for+men&qid=1632893354&sr=8-247
Men’s Casual Stand Collar PU Faux Leather Zip-Up Motorcycle Bomber Jacket With a Removable Hood,/HOOD-CREW-Leather-Motorcycle-Removable/dp/B07WKJVR9P/ref=sr_1_248?dchild=1&keywords=jacket+for+men&qid=1632893354&sr=8-248
Men's BMW M Motorsport T7 Track Jacket,/PUMA-Mens-Track-Jacket-White/dp/B083CPX8W2/ref=sr_1_249?dchild=1&keywords=jacket+for+men&qid=1632893354&sr=8-249
Men's Rival Knit Jacket,/Under-Armour-Rival-Jacket-Purple/dp/B084Y7QS99/ref=sr_1_250?dchild=1&keywords=jacket+for+men&qid=1632893354&sr=8-250
Men's Performance Track Jacket,/Amazon-Essentials-Jacket-Charcoal-Heather/dp/B07FKWWCRF/ref=sr_1_251?dchild=1&keywords=jacket+for+men&qid=1632893354&sr=8-251
Great Outdoors Realtree AP/Mossy Oak Hooded Jacket. 4686C,/Tri-Mountain-Outdoors-Realtree-Jacket-4686C/dp/B00GMCQ24I/ref=sr_1_252?dchild=1&keywords=jacket+for+men&qid=1632893354&sr=8-252
Phoenix Jacket,/Marmot-Phoenix-Jacket-Steel-Large/dp/B07F5WXH8F/ref=sr_1_253?dchild=1&keywords=jacket+for+men&qid=1632893354&sr=8-253
Men's Stretch Ozonic Jacket,/Mountain-Hardwear-Waterproof-Breathable-Backpacking/dp/B082QNFPYS/ref=sr_1_254?dchild=1&keywords=jacket+for+men&qid=1632893354&sr=8-254
Mens PHG Fleece Overlay Jacket,/Columbia-Fleece-Overlay-Jacket-Realtree/dp/B07M6R15VB/ref=sr_1_255?dchild=1&keywords=jacket+for+men&qid=1632893354&sr=8-255
Men's Faux Leather Shirt Jacket,/Levis-Smooth-Leather-Jacket-Charcoal/dp/B07Q5V9TBM/ref=sr_1_256?dchild=1&keywords=jacket+for+men&qid=1632893354&sr=8-256
Men's Windproof Bomber Jacket Lightweight Winter Thicken Mountain Outerwear Coats,/gp/slredirect/picassoRedirect.html/ref=pa_sp_mtf_aps_sr_pg6_1?ie=UTF8&adId=A01945092T1M0TPENOZKL&url=%2FLASIUMIAT-Running-Jackets-Sportswear-Thermal%2Fdp%2FB08G8P2P5K%2Fref%3Dsr_1_257_sspa%3Fdchild%3D1%26keywords%3Djacket%2Bfor%2Bmen%26qid%3D1632893354%26sr%3D8-257-spons%26psc%3D1%26smid%3DA30FR0N8PIC34Z&qualifier=1632893354&id=6019716498416348&widgetName=sp_mtf
Men's Jacket-Winter Thicken Field Fleece Cargo Coat With Removable Hood,/gp/slredirect/picassoRedirect.html/ref=pa_sp_mtf_aps_sr_pg6_1?ie=UTF8&adId=A04844732UZVT5WY16FUN&url=%2FCRYSULLY-Fashion-Sleeve-Lightweight-Military%2Fdp%2FB08HYLL1JK%2Fref%3Dsr_1_258_sspa%3Fdchild%3D1%26keywords%3Djacket%2Bfor%2Bmen%26qid%3D1632893354%26sr%3D8-258-spons%26psc%3D1&qualifier=1632893354&id=6019716498416348&widgetName=sp_mtf
Men's Winter Casual Thicken Multi-Pocket Outwear Jacket Coat With Removable Hood,/gp/slredirect/picassoRedirect.html/ref=pa_sp_mtf_aps_sr_pg6_1?ie=UTF8&adId=A06537143N0WQB4BW4FBZ&url=%2FCRYSULLY-Fashion-Sleeve-Lightweight-Military%2Fdp%2FB07VQYZ52R%2Fref%3Dsr_1_259_sspa%3Fdchild%3D1%26keywords%3Djacket%2Bfor%2Bmen%26qid%3D1632893354%26sr%3D8-259-spons%26psc%3D1%26smid%3DA2HAYHLPF6CED5&qualifier=1632893354&id=6019716498416348&widgetName=sp_mtf
Bike Winter Jacket Windproof Fleece Thermal Warm UP Cycling Bicycle Jerseys Long Sleeves,/Santic-Windproof-Breathable-Lightweight-Reflective/dp/B0814P321T/ref=sr_1_260?dchild=1&keywords=jacket+for+men&qid=1632893354&sr=8-260
Men's Polar Fleece Jacket,/Tommy-Hilfiger-Fleece-Jacket-3X-Large/dp/B08Z5ZYDZ1/ref=sr_1_261?dchild=1&keywords=jacket+for+men&qid=1632893354&sr=8-261
Men's Shoreline Jacket Waterproof Breathable Nylon J162,/Carhartt-Shoreline-Jacket-Waterproof-Breathable/dp/B00AU0Y8ZI/ref=sr_1_262?dchild=1&keywords=jacket+for+men&qid=1632893354&sr=8-262
Covert Snowboard Jacket Mens,/Burton-Covert-Jacket-Heather-Large/dp/B07KY6WJR8/ref=sr_1_263?dchild=1&keywords=jacket+for+men&qid=1632893354&sr=8-263
Men's Francesco Classic Chef Coat,/Dickies-Francesco-Classic-Black-4X-Large/dp/B00DN1AXMS/ref=sr_1_264?dchild=1&keywords=jacket+for+men&qid=1632893354&sr=8-264
Men's Specialist Full Zip 2.0 Jacket,/Under-Armour-1316264-ColdGear-Infrared/dp/B077QYZ13L/ref=sr_1_265?dchild=1&keywords=jacket+for+men&qid=1632893354&sr=8-265
Men's Quilted Lined Flight Bomber Jacket,/Dockers-Stevie-Flight-Bomber-Jacket/dp/B08HDQQB9N/ref=sr_1_266?dchild=1&keywords=jacket+for+men&qid=1632893354&sr=8-266
Mastermind - Men's Leather Motorcycle Jacket,/First-Manufacturing-Utility-Cruising-Jacket/dp/B003HXWK6Y/ref=sr_1_267?dchild=1&keywords=jacket+for+men&qid=1632893354&sr=8-267
Men's Rainfoil Packable Jacket,/Eddie-Bauer-Rainfoil-Packable-Regular/dp/B078M6RP93/ref=sr_1_268?dchild=1&keywords=jacket+for+men&qid=1632893354&sr=8-268
Dry Men's Dri-Fit Team Woven Training Jacket Navy AJ3372 418,/Nike-Dri-Fit-Training-Jacket-AJ3372/dp/B08TSTYWWZ/ref=sr_1_269?dchild=1&keywords=jacket+for+men&qid=1632893354&sr=8-269
"Men's Water Resistant Soft Shell Jacket, Amazon Exclusive",/Starter-Mens-Shell-Jacket-Large/dp/B07F6VHJ5V/ref=sr_1_270?dchild=1&keywords=jacket+for+men&qid=1632893354&sr=8-270
Men's Moss Rain Coat,/Helly-Hansen-Mens-Moss-X-Large/dp/B07F2Q63XX/ref=sr_1_271?dchild=1&keywords=jacket+for+men&qid=1632893354&sr=8-271
Men's Jacket-Lightweight Casual Spring Fall Thin Bomber Zip Pockets Coat Outwear,/gp/slredirect/picassoRedirect.html/ref=pa_sp_mtf_aps_sr_pg6_1?ie=UTF8&adId=A07265652QQFQHOPPZZK9&url=%2FTACVASEN-Lightweight-Jacket-Softshell-Flight%2Fdp%2FB07VNDW5HX%2Fref%3Dsr_1_272_sspa%3Fdchild%3D1%26keywords%3Djacket%2Bfor%2Bmen%26qid%3D1632893354%26sr%3D8-272-spons%26psc%3D1&qualifier=1632893354&id=6019716498416348&widgetName=sp_mtf
Men's UPF 50+ Jacket Hoodie Sun Protection Long Sleeve Light Full Zip UV Shirt with Pockets Fishing Hiking Outdoor,/gp/slredirect/picassoRedirect.html/ref=pa_sp_mtf_aps_sr_pg6_1?ie=UTF8&adId=A04147983NCGDIP0ZM6R9&url=%2FDeyeek-Protection-Pockets-Fishing-Outdoor%2Fdp%2FB098K2HLZW%2Fref%3Dsr_1_273_sspa%3Fdchild%3D1%26keywords%3Djacket%2Bfor%2Bmen%26qid%3D1632893354%26sr%3D8-273-spons%26psc%3D1&qualifier=1632893354&id=6019716498416348&widgetName=sp_mtf
Men's Lightweight Bomber Jacket Windbreaker Softshell Varsity Jacket Coat,/gp/slredirect/picassoRedirect.html/ref=pa_sp_mtf_aps_sr_pg6_1?ie=UTF8&adId=A0110696G02SJYI8DS8L&url=%2FMAGNIVIT-Lightweight-Flight-Windbreaker-Softshell%2Fdp%2FB07VSQKXSJ%2Fref%3Dsr_1_274_sspa%3Fdchild%3D1%26keywords%3Djacket%2Bfor%2Bmen%26qid%3D1632893354%26sr%3D8-274-spons%26psc%3D1&qualifier=1632893354&id=6019716498416348&widgetName=sp_mtf
Men's Thunderhead Jacket,/SITKA-Thunderhead-Jacket-Optifade-Subalpine/dp/B01M5FF0YM/ref=sr_1_275?dchild=1&keywords=jacket+for+men&qid=1632893354&sr=8-275
"Mens Classic Full Zip Fleece Track Jacket, Color Options",/NIKE-Classic-Fleece-Options-X-Large/dp/B01EEQEYWU/ref=sr_1_276?dchild=1&keywords=jacket+for+men&qid=1632893354&sr=8-276
"Men's Winter Ski Jacket, Waterproof Warm Insulated Snow Coats, Cold Weather Windproof Snowboard Jacket with Hood",/TSLA-Waterproof-Outdoors-Windproof-Multipocket/dp/B07WC1SQK7/ref=sr_1_277?dchild=1&keywords=jacket+for+men&qid=1632893354&sr=8-277
Men's Water Resistant Soft Shell Open Bottom Jacket (Standard and Big & Tall),/Calvin-Klein-Shell-Bottom-Black/dp/B01FO3KC96/ref=sr_1_278?dchild=1&keywords=jacket+for+men&qid=1632893354&sr=8-278
Men's Powerblend Full Zip Jacket,/Champion-Mens-Powerblend-Full-Jacket/dp/B071CS73TX/ref=sr_1_279?dchild=1&keywords=jacket+for+men&qid=1632893354&sr=8-279
Squad Bomber Jacket - Men's Multi-Sport,/adidas-Bomber-Jacket-Multisport-Onix-White/dp/B07BHKWLYQ/ref=sr_1_280?dchild=1&keywords=jacket+for+men&qid=1632893354&sr=8-280
Men's Grand Trek Down Jacket,/Columbia-Grand-Jacket-Black-Medium/dp/B07JW2SZT6/ref=sr_1_281?dchild=1&keywords=jacket+for+men&qid=1632893354&sr=8-281
Men's Loke Waterproof Windproof Breathable Rain Jacket,/Helly-Hansen-Jacket-Electric-Large/dp/B07LBHJV8H/ref=sr_1_282?dchild=1&keywords=jacket+for+men&qid=1632893354&sr=8-282
mens Lightweight Water Resistant Packable Down Puffer Jacket (Standard and Big & Tall),/Calvin-Klein-Lightweight-Resistant-Packable/dp/B08ZNWJXQG/ref=sr_1_283?dchild=1&keywords=jacket+for+men&qid=1632893354&sr=8-283
Men's Water Resistant Ultra Loft Hooded Logo Puffer Jacket (Standard and Big & Tall),/DKNY-Resistant-Hooded-Puffer-Jacket/dp/B07XM9KZ7G/ref=sr_1_284?dchild=1&keywords=jacket+for+men&qid=1632893354&sr=8-284
Men's Glennaker Lake Front-Zip Rain Jacket with Hideaway Hood,/Columbia-Glennaker-Front-Zip-Jacket-Hideaway/dp/B01BVTSU2S/ref=sr_1_285?dchild=1&keywords=jacket+for+men&qid=1632893354&sr=8-285
Game Mode Long Sleeve 1/4 Zip Top- Men's Multi-Sport,/adidas-Game-Sleeve-Quarter-Zip-Jacket/dp/B07RN4SGHH/ref=sr_1_286?dchild=1&keywords=jacket+for+men&qid=1632893354&sr=8-286
Men's Solitude Insulated Jacket,/First-Lite-Solitude-Insulated-Jacket/dp/B0977XD7PX/ref=sr_1_287?dchild=1&keywords=jacket+for+men&qid=1632893354&sr=8-287
Men's Catching Air Windrunner Jacket Black Volt CW4708 010,/Nike-Catching-Windrunner-Jacket-CW4708-010/dp/B08KCHK4LV/ref=sr_1_288?dchild=1&keywords=jacket+for+men&qid=1632893354&sr=8-288
Villains x Heidi Klum Cast Your Curse Bomber Jacket,/Disney-Villains-Bomber-Jacket-Sublimation/dp/B089DBCXR7/ref=sr_1_289?dchild=1&keywords=jacket+for+men&qid=1632893354&sr=8-289
Men's Performance Tundra Jacket with Added Visibility,/Arctix-Performance-Tundra-Visibility-2X-Large/dp/B00RV2LU3Q/ref=sr_1_290?dchild=1&keywords=jacket+for+men&qid=1632893354&sr=8-290
Men's Apex Canyonwall Eco Jacket,/North-Face-Canyonwall-Jacket-Black/dp/B08MV8KBL5/ref=sr_1_291?dchild=1&keywords=jacket+for+men&qid=1632893354&sr=8-291
Men's Performance Faux Memory Bomber Jacket,/Tommy-Hilfiger-Performance-Unfilled-X-Large/dp/B07RGX7D9F/ref=sr_1_292?dchild=1&keywords=jacket+for+men&qid=1632893354&sr=8-292
Men's Packable Water-Repellant Run Jacket,/Amazon-Essentials-Standard-Packable-Water-Repellant/dp/B07Z992D5F/ref=sr_1_293?dchild=1&keywords=jacket+for+men&qid=1632893354&sr=8-293
Men's Tough as Buck Cordoroy Shirt Jacket,/Legendary-Whitetails-Cordoroy-Jacket-X-Large/dp/B0846PWBKJ/ref=sr_1_294?dchild=1&keywords=jacket+for+men&qid=1632893354&sr=8-294
mens Heavyweight Hooded Parka Jacket With Removable Faux Fur Trim,/Guess-Heavy-Weight-Parka-Jacket/dp/B07SW18Y5L/ref=sr_1_295?dchild=1&keywords=jacket+for+men&qid=1632893354&sr=8-295
Men's Liga Training Jacket,/PUMA-Training-Jacket-Peacoat-XX-Large/dp/B07DXZ1BMW/ref=sr_1_296?dchild=1&keywords=jacket+for+men&qid=1632893354&sr=8-296
Men's Sherpa Lined Sandstone Sierra Jacket,/Carhartt-Sherpa-Sandstone-Sierra-Jacket/dp/B002GHCI0A/ref=sr_1_297?dchild=1&keywords=jacket+for+men&qid=1632893354&sr=8-297
"Men's Waterproof Rain Jacket Outdoor Lightweight Rain Shell Coat for Hiking, Travel",/Little-Donkey-Andy-Waterproof-Mountain/dp/B07MQX475F/ref=sr_1_298?dchild=1&keywords=jacket+for+men&qid=1632893354&sr=8-298
Men's Bomber Jacket Casual Fall Winter Military Jacket and Coats Outwear,/gp/slredirect/picassoRedirect.html/ref=pa_sp_btf_aps_sr_pg6_1?ie=UTF8&adId=A07924412595ULQ2AX3G3&url=%2FMAGNIVIT-Jacket-Flight-Jackets-Pockets%2Fdp%2FB083S85X9C%2Fref%3Dsr_1_299_sspa%3Fdchild%3D1%26keywords%3Djacket%2Bfor%2Bmen%26qid%3D1632893354%26sr%3D8-299-spons%26psc%3D1%26smid%3DA2P9Q3EPHUZGCZ&qualifier=1632893354&id=6019716498416348&widgetName=sp_btf
Mens Waterproof Fleece Jacket Running Jacket Windproof Thicken Warm Coat,/gp/slredirect/picassoRedirect.html/ref=pa_sp_btf_aps_sr_pg6_1?ie=UTF8&adId=A000568430G5A37LOZVQ4&url=%2FWantdo-Waterproof-Outdoor-Sportwear-Windproof%2Fdp%2FB07XRR7YD2%2Fref%3Dsr_1_300_sspa%3Fdchild%3D1%26keywords%3Djacket%2Bfor%2Bmen%26qid%3D1632893354%26sr%3D8-300-spons%26psc%3D1&qualifier=1632893354&id=6019716498416348&widgetName=sp_btf
